ISO3,1995,1996,1997,1998,1999,2000,2001,2002,2003,2004,2005,2006,2007,2008,2009,2010,2011,2012,2013,2014,2015,2016
ABW,,,,,,,,,,,,,,,,,,,,,,
AFG,0.7426566579003733,0.7637864650355264,0.7904065923836008,0.8131619765459767,0.837347212640185,0.7242557285861041,0.6234094266169815,0.7123651096843161,0.70858880148454,0.6612289783781765,0.6661657235555694,0.7846238245160443,0.914373058894481,1.1323024126879049,1.3284116363083638,1.5332952756311549,1.9463823137797394,2.1517021584669433,2.364145387782906,2.595083593156339,2.71811120736181,2.7298321392048774
AGO,11.250461269629147,11.207079313192626,10.488468937711351,11.071251134713721,10.206172370869137,9.871017444876399,8.472919438870612,9.389581856519541,9.990354540046097,10.297393478939416,9.869503347861091,8.231305950336926,9.384194859472185,8.018664031666463,8.0251285839419,7.997004313107508,9.119486871146911,7.388103782824638,7.7741278562472464,6.810240704594897,7.388724175013962,6.2449544914370065
ALB,2.346457601895235,2.29795586093958,2.0677950919882946,2.176741153193353,2.5604916143899628,2.719302874335511,2.9508135651154364,3.185830266043048,3.3194982524108307,3.3532225129082547,3.2940537349156744,2.9239306851320963,3.0504875898016746,2.894160581465022,2.9513045005002527,3.038083144611728,3.197719946509615,3.0857802076333583,3.1121636203616325,3.2916779735170487,3.22837862841119,3.1952980788922223
AND,6.891151135473766,7.302672467371038,7.617330203491536,8.107012565869477,8.544352959453162,8.71692919406637,8.315884824995173,8.279918342874273,7.925446147959881,8.00062955773569,7.988131918292822,7.408047609052634,7.2565429829229355,7.154611146884167,6.866912139043131,6.986465203850845,6.925621216282375,7.0365292925861675,7.0567261742639955,6.943304760582228,1.1536834548973862,1.2937112695188688
ARB,,,,,,,,,,,,,,,,,,,,,,
ARE,37.13733235614408,37.37112691532441,38.47475557412287,38.12720966126288,37.585543523776195,35.80975743300547,38.49252691494493,37.797766283955546,37.49799295892274,36.34938074065335,34.11994834603796,30.682011571695572,28.207905605561372,28.157185421173633,25.490781537106,24.368455253972286,23.9717610039906,24.75935274321902,25.815647250299254,26.027289475183615,27.275475283118677,27.691545116002814
ARG,10.087523978434698,9.969819874237276,9.992588080312801,9.971034669747015,10.065204315832373,9.935779238994817,10.282046843875461,10.248197343493796,10.724937400014094,11.345482637262648,11.01768339341666,11.777588110607011,11.732097042419426,12.035381096283048,11.597768414566705,11.074212596393396,11.15131809345712,11.454410079670007,11.054207485806378,10.96380318494475,10.909542124743398,11.059323931378602
ARM,2.1135419606458488,1.7928042267253452,2.045904217850179,2.039446235661551,1.8614305757615193,1.997008722008893,2.065108613240231,1.9512336608900922,2.110716874999172,2.2594577301447654,2.492227303205447,2.687347864842966,2.9223035526618197,3.143466576420974,2.787307329544904,2.7212832501366724,2.871507346678542,3.1828263289773453,3.150900888464321,3.1280011729146002,2.9840512204017497,3.2219106270600983
ASM,,,,,,,,,,,,,,,,,,,,,,
ATG,6.553079947575361,6.840237698260014,7.252036148610956,7.374631268436578,7.633178884216728,8.024626394443276,8.418380562606849,8.812823296506801,9.331651954602775,9.709221270663214,9.942920272509667,11.607661056297156,12.139099802442102,12.529714158576999,13.141816337352731,13.291225519152997,12.100433598870627,12.166930283489476,12.129026618296255,12.208033534279727,14.428317978752967,14.599003459329081
AUS,29.00121735281098,28.24149418382393,28.52351892855214,29.616802950136282,31.14075874458417,31.752728032162064,36.10930819553907,35.034654019560946,31.182584919127034,33.0097280324334,30.52052483966501,30.794911561076244,30.189268086577425,28.11494079777121,28.486471784138633,26.28660909823323,27.653954176593544,27.178434963609813,22.8838225521831,22.915198303470238,22.51973936003934,21.458062734067806
AUT,8.192969596684968,8.659360823076518,8.52279751070558,8.509689801247093,8.255421076522925,8.265550080970437,9.365488176071178,9.527395406830301,10.211264700779655,10.09916096077737,10.017223255369066,10.016156222044227,9.688400451956587,9.632883318095688,8.733930113936617,9.371782111685624,9.038754389337106,8.683283291761521,8.70183257362801,8.209346767206982,8.271721599930762,8.223959065401134
AZE,7.867273910214704,7.190519129202628,7.132969731764105,7.1730064450903575,7.147912686730764,7.346619287826455,7.355261860143998,7.415610717148294,7.077883435955356,7.172696081382051,7.574015264810501,7.083463471839991,6.847447356461142,7.567838966611132,7.514046505722489,7.897876949950587,8.068171635225761,8.100446395914535,7.962364289104124,7.8898140225162265,7.655445071326633,7.581617682324685
BDI,2.109555585286426,1.9818118843037693,1.9895036531403285,2.0079016264003173,1.930710163066823,1.918834853377659,1.409843928744649,1.5169792036619907,1.5023547021820616,1.3447017419285996,1.2030096422716408,0.41273164070422536,0.3421428111725272,0.4233271991909528,0.4536973836069728,0.45184184336718075,0.8271560811153235,0.7830423314414857,0.8249225993049057,0.7720205922271545,0.7234230607586789,0.7379864107525573
BEL,13.165876329350525,13.675786581719914,13.315660314627534,13.543064947121476,13.128740373340854,13.153517863675162,13.132657435860544,12.371301638425653,12.654039804617002,12.46984853955955,12.014944338551548,11.725492270636648,11.241612317306155,11.324958522304398,10.592328453322759,11.156811574889135,9.924567848712442,9.80108638461098,9.827583132329522,9.244310203793237,9.628181025059348,9.473656527839136
BEN,3.4611462625546983,3.596827768560542,3.5420691956350883,3.604180045175893,3.4618338445803167,3.3950140337441965,2.608548323075069,2.7003339367277492,2.5995421880433027,2.5096761240381293,2.6208231414173366,2.6043894672161523,2.660029642357891,2.53423021779777,2.554583112159726,2.55237949056549,2.5029516437775543,2.4277313107857874,2.405896174834986,2.3884881288154323,2.403566128136739,2.4401983541860073
BFA,2.449980069134632,2.523922066916713,2.505263209215918,2.508040133018207,2.4302691350236083,2.478475512713623,2.108905063021434,2.1573077580105915,2.2995552375689483,2.3038134405335637,2.2902816509995207,2.3501038673598487,2.3505438281349713,2.315904484256853,2.312910199775472,2.319096235573014,2.133452921111179,2.107264595553044,2.10510593620545,2.05333589749174,2.058460271716756,2.0717160190574275
BGD,1.1034998458364957,1.0801536204882805,1.0762266395487292,1.0553230295538947,1.0686186831849225,1.0669143788050832,1.0789561110387587,1.0847831844430482,1.0795924728337862,1.082734967503935,1.0920951450494605,1.0476779545829336,1.0508874587572936,1.1145208301573162,1.124963017765925,1.180142249966678,1.2533346613629621,1.2583455370621996,1.2729382543906944,1.2917407732286492,1.3377382678696375,1.3267005480251925
BGR,7.0984444925314065,7.204502401460942,6.8743422214543966,6.461351911022037,5.685316974690353,5.676747074602591,5.82334537207606,5.564515007411485,6.2273908222766705,6.108702244177036,6.165318269867027,6.728042623741913,7.3581859421009375,7.075017473998543,6.126717606676551,6.391639135653515,7.2261336184231295,6.479705136459798,5.823720615571811,6.198835039835613,6.5840149423425025,6.182814329538532
BHR,31.93204860057797,33.438978616334815,34.087986674084895,36.09255336483624,35.912847719157135,36.08125655458607,35.682285730669705,35.39432983380172,34.74986772962394,32.99415311793542,34.2906370478337,34.35870361366335,32.879018533302315,32.66522584401614,31.24694112445109,31.397579098367263,31.04484524911376,31.44753269951067,33.2768326782147,34.35435884961548,34.23841218907884,33.01325369566788
BHS,1.9629957456528566,1.9015557543189965,0.8351951224604849,1.9958912170462875,1.9383667389870163,1.97952699370242,2.941001526677197,3.087824221543262,2.6506647420072875,3.9197978011502252,3.663127695400158,20.964677237616794,20.59936749568006,19.96037022704194,19.879635244448004,19.52431664891729,7.703496052305904,7.453573314557296,10.213308349311486,8.606896849444059,10.047941508153263,10.50456300224115
BIH,-0.4465859677988013,-0.17532558093201486,1.1268525482659586,1.8878853194020786,1.9234087932907227,2.9030895911042296,4.94473190339959,4.958255162344287,5.188490800396473,5.387607546263556,5.558608260469,6.05775073404748,6.388883130744081,6.872173053037461,6.962106972867323,7.024746105219524,8.011089336073802,7.614483552160738,7.646915193762782,7.024488642498903,7.187928013411245,8.047209508287445
BLR,7.243476554836178,7.218503937007874,7.281802905999802,7.12384546628265,6.9224906445146965,6.681623830991392,5.843754208192959,6.553107845605739,6.153061592166953,6.314396515735735,6.468392985658504,6.07709129192485,5.809044349449265,6.2636538575575,6.00835299915376,6.467463589960701,8.920982327777855,9.332774754490334,9.19501664748045,9.292300151427341,8.872856393767671,8.49336538710486
BLZ,61.21867193652972,45.63239478807848,38.49625417456449,33.83367210437623,27.65829246656736,22.562319309382772,27.953878061498532,36.47409462683609,37.74705391110699,24.882099354801376,32.69908386187456,25.812740921775724,32.773179500041806,27.24697952891406,22.659738443692298,28.809417485362708,21.772242359275307,9.792899408284024,22.099127894363853,10.13113881924124,14.43481200111932,13.192182410423452
BMU,,,,,,,,,,,,,,,,,,,,,,
BOL,15.22236353202915,14.453803938083112,14.281650372197245,14.141457306199355,14.533007244946328,13.179676950022,12.814334339327536,13.558563638663706,12.84665100575208,14.665280411739326,13.923931897404616,14.190917599867001,14.893645290826253,13.946473439055517,13.46514404315078,16.892917314767544,13.973430214216181,13.357518581231481,13.051137618312987,12.945386440800496,13.024242552482905,13.682247877116843
BRA,9.751641860083653,9.573021819292334,9.608092959567259,9.667918738524106,9.578358236563739,9.422488679866404,10.721062671068285,10.833445844634593,10.7740945144231,10.897659631890901,10.828514319056477,7.551522379896755,7.71117963471005,7.573594013221721,7.391901658262884,7.869967772046133,6.6213355215672385,6.789895929944275,6.8066448807405315,6.97082246980704,6.895524046647242,6.690723417577557
BRB,11.656107236186573,11.758141764245513,11.894685424722303,12.772150770784448,13.015296671116024,12.927462571128666,13.027522935779816,12.946877571546128,13.050023876440333,13.150055942226937,13.281558176481871,13.550672668365307,13.52709006099749,14.43135461839069,14.37190506004895,14.0005883791572,13.887563739677088,13.852661261896369,13.823620451923347,13.165979109979812,14.930394919459982,15.220646894988034
BRN,57.41903781040274,58.17045387398152,59.751633232678756,70.1250846013085,55.54704025014561,56.03829934116729,54.75922995935701,54.0685502707753,56.015828221900804,54.02954097147452,53.21625574478108,57.52667698365756,54.45841611883776,53.581641501129354,52.30447036514147,49.11924990865724,44.70545203308203,44.33706192401294,43.24701239549875,42.462948636914945,39.96076229130865,40.01905669366365
BTN,-5.218659982791515,-5.152687616004728,-4.875758778631488,-4.748598897545435,-4.533805402842454,-4.517605973391809,-5.002981909747532,-4.869987565298417,-4.826078023187473,-4.805773189421037,-4.454796150686177,-2.2056251045770523,-2.000373001883058,-2.1887604915330705,-2.1523669402334877,-1.8380663541953866,-2.8703385845624827,-2.5228661469847475,-2.56252129567835,-2.3920250995749983,-2.4179942737499243,-2.470446268472355
BWA,42.057645997002396,50.26815441972978,56.22474317152734,60.907817116632316,50.00422291003214,41.56184926496987,33.158613178175145,87.00947178351818,51.55102808006006,17.12803032748862,44.04478293881644,22.6427468043061,44.677063054964144,24.106838501408667,14.4765953177326,18.91696714567172,23.747123402675992,16.758590493691994,32.16428707183778,16.431949608687866,62.172398378660795,32.40361787157445
CAF,17.86724987091393,17.767793260027332,18.41449624989241,19.565575176118948,18.173059465196033,18.201161567035957,16.356718317858753,15.025796080510704,16.69594899078399,15.063606805770384,15.330397173917673,14.654926860137603,14.759374084387602,15.147310106365802,13.38751044638483,14.156207941701043,15.040840657614702,14.389997328924368,15.110358903061236,15.131575263066525,15.763926136780936,16.689119368524096
CAN,24.192289816321995,23.74957185387828,23.43881558277303,26.841497477066373,24.481530156322993,23.831924480858042,29.110372096852632,31.299984926696133,31.651153892292093,30.088612772656038,30.136070078442792,27.08284325274858,27.19204962749732,26.40680013227011,23.815828620000747,26.006260452724902,22.03712314929401,22.807366963315495,24.437508882518845,23.122158813130802,24.137249548412136,21.58075521815084
CEB,,,,,,,,,,,,,,,,,,,,,,
CHE,7.183958042730773,7.227246053013002,7.00108027952409,7.196904754303128,7.182259888065368,7.0362250756863975,7.25602481045952,6.973469107325945,7.084070434109493,7.0896696381751445,7.141209998769685,6.809252994481245,6.501024947699791,6.620312709418222,6.346987686069078,6.488254368197764,6.119510166197403,6.222441530495528,6.278628704965766,5.739652536089897,5.573266479893016,5.5796147247370165
CHI,,,,,,,,,,,,,,,,,,,,,,
CHL,3.164621657694328,3.539363161419776,3.985467550192003,4.017296876636805,4.150948373651304,3.861206947852132,4.044827464198025,4.061995577901596,4.077692052797121,4.370910193967882,4.379980350646841,4.369438535097121,4.831158979068305,5.059174930145321,4.843604115221756,5.067242055928849,-0.273883957688178,-0.15057170986302745,0.015934888225580198,-0.31983856711420977,0.03172067463976026,0.2053921705383274
CHN,3.275248888870445,3.269253829411523,3.2432575249476656,3.3246264901142175,3.2562672871756595,3.3866367823101506,3.500640798836341,3.71991565135895,4.180277864017386,4.731408290415293,5.259265793268494,5.708501777242147,6.148078170705334,6.338865591418142,6.752550215585235,7.31748778691864,8.021024752070112,8.222744587045929,8.524473618294067,8.496939755327025,8.448111900351511,8.397159571034297
CIV,1.9514411579574362,1.8390566955199228,1.8366676992277207,1.7826199240074065,1.813183697962891,1.7137993911514957,1.4359439070467226,1.3376634553651883,1.1505936779280905,0.9944078331959043,1.0106505680292053,1.669428964651188,1.6076166603125297,1.5016141587117415,1.3799190962606735,1.2725886928083885,1.1912316788686674,1.2419253964832906,1.2482170349254025,1.2071875078788412,1.236107088464925,1.3084151537058288
CMR,14.491189256931698,13.735779013003754,13.443527876184021,13.355276991596172,12.961376843892827,12.734349644787319,12.359916654686353,11.940014190344037,12.085092047343991,11.568241209011571,11.657656367275104,10.848525933903339,10.804428892207817,10.631254912955951,10.220355121210956,9.900575879318277,9.61093805395748,9.270539168563237,9.467644093040734,8.946797921052147,8.906203215607205,8.709157642900212
COD,4.896306866081233,4.915658383305958,4.93187104440669,4.866670247494273,4.588671076126012,4.3892659901558675,4.053394542412951,3.96477631206465,3.964758394557728,3.9243338091928828,3.850625588849015,3.6961338902585115,3.5573464207550445,3.4770045518881063,3.3750970838821717,3.2798537708111413,3.2159315101861874,3.1054430633733943,3.1246318341616894,2.9709581788834307,2.8837473275464798,2.85369325135434
COG,14.81050859138767,7.222315951195523,7.306576267403253,6.999481984126151,6.7831016843221486,6.3215228187149055,8.244422739690354,6.938765769681913,10.508018674921233,11.442918721948185,14.146614128672082,12.74184336450884,11.1864470621258,9.44787044003145,8.597500211680876,10.089544709294993,11.818394464058338,10.913046389537666,11.019388629435959,6.797588502702359,9.861833427888046,9.991971490056512
COL,7.90495971081647,7.687911985598813,7.676586133952571,7.600032624072546,7.231123724729497,7.218274816674088,7.676874337660303,7.540239400949619,7.663942820762451,7.595311859231716,7.4130569643776765,7.194989492926501,7.289165667295784,7.175238490135855,7.187477360362515,7.202577466626274,4.0273219301213,3.955999768039689,4.131210550503968,4.276205715961706,4.202592526742102,4.816136515216334
COM,0.7572666041220546,0.7367583043916934,0.7371208061312513,0.7567158531971245,0.7374519710767555,0.7006455157765088,0.7555478801485191,0.7550761309899048,0.7715903849550163,0.7702251066594332,0.8665412089394353,0.7981801492596879,0.6545930613135501,0.6846928543932176,0.6981041274292539,0.7539597385499615,0.7076449716871247,0.7183600392887683,0.7417347152075846,0.7242655289113631,0.7589166272201527,0.7541553962332452
CPV,-0.23298919965621148,-0.2528234053795764,-0.22262955184671213,-0.14544960898296785,-0.07135178331890442,0.0,0.9639461200021116,1.038489584626742,1.1112839775076122,1.1607101794282735,1.3821938872475337,1.2788541466845706,1.3471982486422767,1.2478111313071654,1.3767000704788246,1.4411737243582716,1.2829353560947447,1.0688095638663195,1.0552068596262223,1.0419299630114862,1.7532392047154512,1.7509310057874858
CRI,4.690407707273431,4.556263940653492,4.469004549403609,4.576897263246779,4.431941895748991,4.300454374299031,0.8824825722086407,0.8632198833190073,1.19114718280483,0.9254098370355643,1.0407182169090108,1.111517158787245,1.4166917160768173,1.4294916678336367,1.3205802589841487,1.3523025627335126,0.6324078594699084,0.6335324232081911,0.7633737492637767,0.7611467332416343,0.7157880145319406,0.9450242838583525
CSS,,,,,,,,,,,,,,,,,,,,,,
CUB,0.39032895270976464,0.670061584418664,0.8899216104632943,0.8424911212306675,0.8660609652790746,0.8879757478364578,0.9843553775495498,0.8580624521246243,0.7881250131910754,0.7466424422674287,0.7778658451361452,7.098680359405991,7.1957267906258595,7.159402653971431,7.290649468156697,7.561132217193345,2.86383777400244,2.865746696240888,2.740473928272615,2.7054271806724777,2.713518256997641,2.4031528942509506
CUW,,,,,,,,,,,,,,,,,,,,,,
CYM,,,,,,,,,,,,,,,,,,,,,,
CYP,7.774295257212266,8.060241143180338,8.079085268012433,8.231521444874117,8.422907717327217,8.512758536611221,8.247628806718069,8.280755483313612,8.836883015973823,8.64997110078305,8.602050090399372,8.330886354658553,8.479730904858735,8.561683415575422,8.241635650492722,7.900328236617977,7.627798971047258,7.092223575079777,6.44306238667816,6.769158671682787,6.752886557535197,7.058700874304705
CZE,13.2222963841401,13.389895592356979,13.162682035001302,12.536946154952808,11.75823085884094,12.82488464478473,12.873160898361052,12.34392830145899,12.7771263051062,12.824233083500891,12.510752881929047,13.110776982499594,13.320933216867006,12.73038555253388,11.917920600049637,12.190662767640372,11.37471408395204,11.041040226776591,10.532350694370471,10.264744715779917,10.420954405811688,10.57793754729645
DEU,12.276982466195232,12.585755075292775,12.10364809819485,11.78321818314447,11.355264807194297,11.225679013210657,11.786653114741757,11.542943049209468,11.523468774923009,11.285775676212179,10.992680414323749,11.146268003218541,10.797729113421946,10.871500979958652,10.184328507376478,10.574131359541132,10.121584205131503,10.27306863866348,10.466162415174391,9.924613342388788,9.902602031072142,9.820802325293199
DJI,1.6973673356726333,1.740065314594487,1.74014886595255,1.7047216380611436,1.7143469409621772,1.7280206916542176,1.732570274823844,1.7538175654870123,1.7508270354022493,1.7236843298950366,1.7108115630434062,1.6738760803108124,1.7257412306893902,1.7516824726406797,1.691182776994599,1.7376856407656291,1.6633984401539699,1.6932830800704037,1.7547971058301153,1.8359934838922172,2.253846583070111,2.2386967340858797
DMA,2.1097639877352385,1.9736100146611029,1.84138585532373,1.7097670442402222,1.7183360778979022,1.8664752333094041,2.7274945808989246,2.577430301988917,2.710413694721826,2.69955386320366,2.8333026392214085,9.89846997935462,10.593968500600324,10.165614807912236,10.162171317271458,10.299387680239285,4.371368943538835,4.509265130698232,4.506026810859525,4.501652950692833,5.197870278015818,5.329070077271516
DNK,14.489699090815808,16.95777030685869,15.067196897780905,14.252805172637103,13.670189347624742,12.82676507074666,13.223151599906172,13.078664886137862,14.115379920579887,12.88550349401788,12.147029430390491,13.400102110028705,12.456426311165668,11.762733541320015,11.176704365939749,11.217295580875836,9.954094480782224,8.954548023346565,9.18800085201388,8.38667664869606,7.926477478686925,8.145935499414282
DOM,1.484797704945246,1.573038200685724,1.7577046776591034,1.9611838976941298,2.007603002319351,2.069334877051643,2.284092493651002,2.5272278717130994,2.2270388732968547,2.119351349231217,2.2314418510986336,2.365846933066166,2.4799598152280025,2.475133682065325,2.3880785282085117,2.504352446967913,2.504786914781198,2.558677648002283,2.5128818784294618,2.5026615372598493,2.70092047214074,2.779449347805577
DZA,3.6150211151519493,3.5983237435551105,3.6781789746077553,3.7989247353851856,3.9407765419692375,4.112139477070514,3.9816843157375508,4.1575748492965445,4.286490423413201,4.349360426228145,4.455844036589867,4.3378612801128815,4.482691647360498,4.527130650865657,4.71077603957516,4.6467989467292785,4.898606830652933,5.071703753009953,5.07208522508522,5.236143225589086,5.349120677405937,5.18083171670209
EAP,,,,,,,,,,,,,,,,,,,,,,
EAR,,,,,,,,,,,,,,,,,,,,,,
EAS,,,,,,,,,,,,,,,,,,,,,,
ECA,,,,,,,,,,,,,,,,,,,,,,
ECS,,,,,,,,,,,,,,,,,,,,,,
ECU,7.315452435417126,7.444134386107564,7.458507970412298,7.222229645752505,6.758497249060952,6.661870561463681,6.160437586195602,6.104935038058837,6.009120040138588,6.1994406161401105,6.2050447976171,6.254897085107,6.183306931871779,6.142102579029522,6.262849908734174,6.409249891263921,6.3441840901035516,6.344794676938281,6.390588327569411,6.413054094456075,6.178132027964436,5.97837077723368
EGY,2.3614707817562395,2.4312270366534166,2.528498386633724,2.580805223012009,2.6619036779223335,2.6203095989643472,2.748006950156887,2.7586190302774245,2.8080593142318198,2.901496362384263,3.100224249200935,3.1648030093219313,3.316795966915178,3.407249621117082,3.3878188739682327,3.352052443393335,3.35860072105218,3.4098861589331637,3.3079711653143997,3.2922437281319317,3.286041004473838,3.2867085599011476
EMU,,,,,,,,,,,,,,,,,,,,,,
ERI,3.5931045058074913,3.8470924176312473,4.045228202347053,4.0291293817348555,4.026986620660989,3.973973310254334,3.4193476120573267,3.200247636290647,3.0450143081070045,2.8788849780664263,2.7134507558216256,2.5597927493099353,2.6397146571908365,2.5858868694084687,2.6186568886381703,2.554854460034664,2.579362856925947,,,,,
ESP,6.466108062999619,6.272021264957313,6.785265010657584,6.99416850976378,7.575728500905306,7.972566660152479,7.864547363683871,8.15586032270377,8.232030965463942,8.464910507795613,8.667185682226176,8.691966287423798,8.881016860731899,8.01669387279561,7.154635945696807,6.794570278050081,6.767046411549595,6.622188779415841,6.080431711295002,6.066365091781176,6.300378048520016,6.105318420752472
EST,10.663815557755141,11.415702524876483,11.246592618262495,10.972790941279337,10.055788768014823,9.699459908302522,15.394978081787173,15.463805415594301,16.78679817905918,16.938827932919892,17.11723348895573,12.325420809171302,15.178864456842796,14.135174146841274,11.592226389362427,14.64541204303498,16.400000301332113,15.596932326097606,17.48107165646052,16.4771841207414,14.581038416246834,15.488793804482478
ETH,1.8775447471272741,1.7675570741088382,1.7595469384105686,1.8709687781945157,1.8328330381419968,1.680186173144431,1.7949095607807595,2.020327566225535,1.8941235115958048,1.8611384868474001,1.7362986929388113,1.8420367254065482,1.7940027231456521,1.898542547186326,1.8851651220095926,1.8811052911888462,1.6682951163250888,1.7925744603476803,1.856985293982746,1.7624885731073359,1.7710040053569251,1.8209809338392917
EUU,,,,,,,,,,,,,,,,,,,,,,
FCS,,,,,,,,,,,,,,,,,,,,,,
FIN,8.96082258667643,10.201825596005754,9.786306369757005,9.036580590503771,8.837523913584697,8.517816803765072,11.310699597995994,11.74095748219724,13.289816601298213,12.490025194274404,10.114187769343145,11.46542485114696,11.040478603518432,9.464751282559432,8.745294651247427,10.208168324585072,13.49226616622175,12.351377574796762,12.399401945808878,11.603013963898642,10.977216845748295,11.49345177144918
FJI,0.4771576877196376,0.5227018330260866,0.5045816009365035,0.4374141574715962,0.3968731357814618,0.44389314012473396,0.3071536075191203,0.08586249489424808,0.2573289742622011,0.6480326706282249,0.3164541555299147,3.6720741179170644,3.5757423552063528,3.2412188402351183,3.139507776724767,3.5240015910343816,-0.7991207355616834,-0.7629449211565783,-0.5891812460143622,-0.43856966275147063,1.2203166606610203,1.1004139161094866
FRA,7.777212480240175,8.066527092318223,7.877781602425728,8.106497612878202,7.897453213908232,7.793802585676175,6.929723099549639,6.755896710226978,6.792043927914014,6.69628742700231,6.65565557962126,6.836695355606946,6.688304410327226,6.562487067957951,6.261760698681318,6.290261135183916,5.409625975509459,5.433460825327713,5.418289609306925,4.8959414882965415,4.978341135589516,4.939954967274597
FRO,,,,,,,,,,,,,,,,,,,,,,
FSM,1.3949725190413749,1.3847730356994488,1.3827433628318584,1.478633742422002,1.3917109694658614,1.4897301726224839,1.9594487417539865,1.6817714659441279,1.6838008998980365,1.6881594372801876,1.5075992424313807,1.5184443537595733,1.723411588985485,1.5452517311648302,2.0393299344501092,1.554741475644003,1.6433059449009184,1.8180774309609018,1.7937050393671052,1.8614001451892113,0.4591579044033243,0.5443905094587851
GAB,8.01883227367998,7.125175770808344,6.807799267175893,6.486841284343295,6.013083669432185,5.552118271516494,5.405392514962206,5.16178108614741,5.20473077450485,5.451342337650826,5.3935531937385885,5.041422170510547,4.9776751608576815,5.446020519709721,4.512635379061372,4.91336953710887,-50.49758553039679,-48.72885472903076,-46.71253902571776,-45.45068478607071,-43.66206873181817,-42.31343317032501
GBR,12.268216135292162,12.599766706007449,12.176390419842573,12.070687469575578,11.574666954180147,11.538478387932294,11.625910041823134,11.255762312444876,11.352514788656043,11.18225415606696,10.999780368623766,10.874191946267693,10.528279009275932,10.099665903511406,9.134137288569145,9.268977102624948,8.506483128595052,8.787411471060183,8.439023455379813,7.754832498373355,7.442539008599378,7.0344275896486765
GEO,2.730948734166616,2.4689989244604327,2.395450207854732,2.3329210268528637,2.3164674616904875,2.440441575215513,2.0277139169678553,1.875071477674459,2.026957266376094,2.0675571761039278,2.2524201985973495,2.345151090868935,2.5698429960638918,2.346399809377752,2.556090455715536,2.5061432198790765,3.838739913657635,4.089706436849301,4.180039745345738,4.4361826889934814,4.531207889026209,4.622394872709761
GHA,2.1693826463611825,2.115390606245522,2.1397080850757315,2.2846676249850466,2.1778236317943964,2.1661036318752522,3.0308355630996884,3.0178232840723487,2.9483912496875346,2.8219767065402306,2.8911774027737884,0.8525829173751974,0.8630920835643839,0.8156570505849539,0.8692256072788233,0.9346390676951086,1.6657666248747918,1.719465608552922,1.7934697106943938,1.7638542264474404,1.8273412113559435,1.7920123856705579
GIB,,,,,,,,,,,,,,,,,,,,,,
GIN,3.9548119744828654,3.4593722056726737,3.3998623088393156,3.511101505054014,3.4017224385681826,3.363779665151024,3.488145118242298,3.5417817270151644,3.709545871385121,3.8495394725122605,3.7641687361910496,3.8259776468787017,3.861039557847408,3.45730764144054,3.5596477845432606,3.6400470321548606,3.8011717512576926,3.7739288918571288,3.691425812072367,3.744963333706096,3.742973287119553,3.8846725898268772
GMB,3.030370157056465,2.8434203167965393,2.482245282484511,2.18879353861686,2.07496008638098,1.7682285006560658,1.4999183867936599,1.2390858964252371,1.0621239029604979,0.9622278782808462,0.8356324020674453,0.8985544583695949,0.8964245466653007,0.9708249348096976,1.1320023973167521,1.204553211138102,1.0388784009064214,1.0603613312469062,1.0643113981639862,1.1066964025450066,1.1314278043588735,1.1167262796868886
GNB,3.0398933190308344,2.817705271629489,2.7990922817458563,2.936664209339978,3.185711700736791,2.8802107048941106,3.911642514990555,3.5553344764610553,3.436439505807271,3.273716170330691,3.1600157629021584,2.693126574771284,2.656667207446036,2.5156606788413587,2.5944777383701694,2.6139515394401283,2.5016170939142888,2.560781169099409,2.426806013867983,2.3752702460768154,2.463731909127436,2.3619348117212557
GNQ,13.6482221077042,16.981581962303213,19.57275472542221,21.289472364868253,23.686336524743457,25.371959860173778,27.910319694268807,30.45335245084935,34.83508673820093,37.0877147467951,36.969587811109555,35.80642858599661,33.686793146295365,31.48087914130384,30.412633554385042,28.580845005346323,26.721304996792835,25.378421650305327,23.578310555520975,22.151413734232932,21.53062551772768,19.108295979440065
GRC,9.872987069965754,9.924779428399065,9.98099755385363,10.318539912610493,10.360818525106353,10.846019103800474,10.8579052436483,10.835604624536623,11.107176290049386,11.064211770528559,11.220212692565262,11.033212883569524,11.326452080753603,10.960619492552746,10.280888198874639,9.660705485066954,9.465191894136092,9.045713037316125,8.416618704373313,8.180923731041046,8.069581752247021,8.014126986793116
GRD,19.344288449266113,19.40574845793606,19.592978034204023,19.701826094627574,19.915651358950328,19.9352347981679,23.438483665701362,23.54439662658973,23.65270900437479,23.57518663689421,23.69555039604055,18.86918319308511,19.01321418385778,19.249734486420873,19.283668434336274,19.297205199890804,20.880931870107496,21.033821640638088,21.262827031524452,20.660777579842428,20.9855929342421,21.040984572967776
GRL,,,,,,,,,,,,,,,,,,,,,,
GTM,3.160881468962498,3.03381131046184,3.0107551374339,3.2882738322833043,3.1026056179028334,3.249578159950829,3.1102866210044056,3.1903091921531006,3.52306527798377,3.056202955006769,3.3460527115549845,3.085014198305728,3.237878920700214,2.9814882138401027,3.074824763976465,2.953435982036602,2.3640688823044895,2.351550130582738,2.423085004630407,2.3921006543704695,2.571923249134022,2.6406465392997434
GUM,,,,,,,,,,,,,,,,,,,,,,
GUY,30.65844729544944,18.454379957807294,18.45719487578664,23.388849236777936,17.167462123536364,16.485539998526882,21.806050944302648,23.84567978313321,62.71279472530776,21.280960982222954,33.745977755530625,23.876421430897054,23.25600087879819,26.673201065321223,29.36936117627234,45.91452772484909,32.24613977139149,38.64183034396392,35.36221576878247,46.346511566978435,61.21715018399024,48.51134221627606
HIC,,,,,,,,,,,,,,,,,,,,,,
HKG,,,,,,,,,,,,,,,,,,,,,,
HND,9.684684605783065,9.179872911612957,8.973321364493998,8.803283901404507,8.409993761285298,8.248524718728046,6.3433883616966575,6.251745314979295,6.867127692972972,6.287284841739333,6.60679703739852,5.9861430612218705,6.080539226521601,5.934126930924934,5.848523606650901,5.69043230693949,5.926417850662996,5.599089239506424,5.708914032256103,5.640053378956984,5.519638280436251,5.552921836800404
HPC,,,,,,,,,,,,,,,,,,,,,,
HRV,3.008638472044554,2.9075527687911844,3.248127861130957,3.3163178060671186,3.2508996482513286,3.0794695613680543,3.384002668129114,3.6121272640297675,3.857415963520929,3.7982623240254614,3.7632144626224866,4.4118066626631025,4.777021667354567,4.578039564192909,3.9905406996825454,3.850606703361505,5.169809434236426,4.709953561263842,4.464611958251648,4.308240701832701,4.484247326817655,4.537234428649833
HTI,0.7476270588312769,0.7746626730756162,0.8118817651106512,0.8098176320051672,0.8137941596024646,0.8471366191521875,0.8607452427562945,0.8750135649948881,0.8550461882243173,0.8765261973563395,0.8797984358945582,0.8689338492003827,0.8951770807706695,0.8852878429453754,0.8695611349446614,0.8533244777885367,0.8445276981323364,0.835046186053363,0.8393687600792756,0.8872872216989502,0.9181395388845184,0.9262018252818043
HUN,7.187554609779392,7.41424065665054,7.270793624324448,7.2740944638764455,7.369941773064402,7.115875659621401,7.523870251372848,7.35140090059583,7.662727828437032,7.560987048173638,7.473928243745827,7.205573819649164,7.003932066930661,6.874746717236218,6.290751447970347,6.293985523833295,6.365998587807308,6.018933583270449,5.7777748127428845,5.847077191148848,6.149530408731947,6.244126389351237
IBD,,,,,,,,,,,,,,,,,,,,,,
IBT,,,,,,,,,,,,,,,,,,,,,,
IDA,,,,,,,,,,,,,,,,,,,,,,
IDB,,,,,,,,,,,,,,,,,,,,,,
IDN,8.200807721317764,7.023368560797436,11.785346768833094,7.7711662201279275,7.117171810262752,6.65053460832203,7.760108400690197,10.117327608308942,8.273316658940338,9.877167400563572,8.453464493951044,11.695012759166996,8.852917413459481,8.677717183915954,10.372199146977957,8.47419377774977,9.288288347609297,9.337723759599792,9.112000258039508,10.708935311800143,10.755689215403338,8.522133379714537
IDX,,,,,,,,,,,,,,,,,,,,,,
IMN,,,,,,,,,,,,,,,,,,,,,,
IND,1.4669124031358418,1.4852317001203188,1.5143870062627534,1.5184158223338764,1.5674651661809207,1.5749181415137972,1.4598696520103065,1.4556617384344444,1.4703067667298162,1.5304657413204423,1.571370164698828,1.661924310013184,1.7569331966943553,1.8079242630049903,1.9344742446889016,1.9912480719445798,2.2398266376757845,2.3255885790641853,2.3378764491702655,2.44187232417891,2.4250613842517983,2.442911721343529
INX,,,,,,,,,,,,,,,,,,,,,,
IRL,16.091038646479575,16.401329480881152,16.643210128216676,17.383594024396288,17.601535746644416,18.15160095175674,18.58134628371781,18.08010128315565,17.865538552155737,17.350234456651684,17.264779993047934,15.764260080105934,14.951322386155578,14.406808352919585,13.06617424138026,12.793424784903145,13.231198379767708,13.479629344979154,13.209868212748951,13.152301330688275,13.464606333065147,13.790826513799765
IRN,6.024966625796043,6.170968676097505,6.364324859519828,6.407976160008914,6.910708620006395,7.110725205435469,7.2256797050952315,7.503775444306913,7.840530894307583,8.28222466236704,8.74225174792356,9.33147529663484,9.767794105329706,9.847671270196239,10.072288540048433,10.042498684189459,10.95760008219205,10.934359398220769,11.072025196849406,11.086576541765496,10.87190621388376,10.908951604453954
IRQ,5.41407365343715,5.3375167377798265,6.038366247389058,4.3365557997612765,3.47775534705981,3.8161368498081822,4.182057469830446,3.7618444051579023,3.3457467817951914,3.4229138295979475,3.8707711425969653,3.632306528489889,3.3656682065954198,3.6391504383925652,4.367145015100527,4.713876441834262,4.935671905563168,5.444024462707147,5.572268944311994,5.568123702140573,5.0775518598606935,5.2282626533188505
ISL,11.478008584204465,12.159930982165434,12.060724086040542,12.479611161589071,12.401714609147707,12.339752138119877,11.510064287920047,11.581682161079287,11.467216540423665,11.675123427624506,11.15477161363376,13.266092131857715,12.13226090138205,11.562186923072076,10.580880944681144,9.998710858034027,9.247243067702358,9.198169096646254,9.389555355135222,9.438399931579237,9.76376524643683,9.509925798729427
ISR,10.674481514878268,10.946943078004216,11.178889650445509,11.160609613130129,11.239183673469388,11.715694069009382,11.400838639540302,11.490106544901066,11.401109167825163,11.365839330298135,10.97098165971631,11.399690942342318,11.650255567471206,11.535409369527146,11.210858181040932,11.711002675901149,11.524891189574802,12.22299475380823,11.031701718468888,10.663729201407062,10.738535339673751,10.540603791247367
ITA,7.906333199300553,7.860144060842752,7.9178599851658555,8.107826376430886,8.22048974110535,8.292984165602018,8.237076145125592,8.372210192862276,8.650537294172862,8.772941514225966,8.751501048379179,8.529172040324244,8.362664834078878,8.082550091046194,7.266052083780175,7.385443262482236,7.203502343041277,6.926636886769213,6.336792003074413,5.9652102332752195,6.151760574268826,6.096738479955086
JAM,4.266469222417237,4.3577889321541114,4.3732071785615325,4.53835813395286,4.573295222539812,4.603154931572331,4.606120607080714,4.630790112316157,4.7463735085923755,4.69355214558452,4.645980314620093,5.1154386406947125,5.068225980022592,4.162658580037356,3.480174273392905,3.205880887826192,3.3121851256701778,3.2370065851973098,3.372151555125058,3.2798448490784438,3.2306925477193005,3.30323944563384
JOR,5.086249409709594,4.775131453452821,4.556009735712248,4.308274212551641,4.046296307337271,3.875066300725057,3.8487074629657743,4.094024529544489,3.9528673930765934,4.20053316665006,4.315222867906137,4.292719401022108,4.361115729431776,4.110438561678999,4.003911066752161,3.778813279113422,3.7308510059400004,3.9686698788461863,3.800282145715822,3.885628879392927,3.779174074563687,3.7397396651215984
JPN,9.42705219269924,9.498477221943908,9.364652498472912,8.943196202531645,9.155499048416264,9.262237569278557,9.353986268079183,9.613794185727176,9.64351148624313,9.542035519446467,9.58574972803331,8.62960877250614,8.940555151912875,8.318718130919937,7.83212414191664,8.241820879206683,9.864823637089014,10.25151023670169,10.476519282827887,10.194145007699802,9.962639903728931,9.952162420626195
KAZ,14.018414446573281,12.449693135670328,10.833651858262808,10.975828229814283,9.997705049413783,9.974719870010171,9.989006170610637,11.10240105827142,11.834448117240184,12.916818340922875,13.60068697300309,14.857509274184803,15.224559344136265,17.997958402449918,15.613793528568202,16.981508003493715,17.763268078946435,17.512413136924177,18.052249560477943,16.77725696909786,16.28644813150188,16.24250346534278
KEN,3.472305250563448,3.349487193720509,3.263907839018667,3.218129902565539,3.2062374711632367,3.076532548222082,-0.2505436767342402,-0.21480374685286585,-0.17388155448033507,-0.10467157665224434,-0.0851879575354414,0.4010727181226673,0.804527843432371,0.8443912355104914,0.814634234118642,0.8098846661424146,0.8515860193244947,0.8713808883890526,0.8093165605039151,0.84882261515267,0.8926793111606887,0.9738707044646743
KGZ,1.6730988509779845,1.838648345000432,1.7949919086960224,1.8075068148458797,1.5040079332286589,1.492324024171158,1.3548765444581505,1.5188250145270203,1.6437649951420694,1.6475013223108117,1.5670398636346028,4.806070826306914,5.001518487586364,5.164795908774701,5.032229301729423,4.908313295031113,2.3555652268523555,2.782137252104437,2.6680187425694104,2.668151829320538,2.7648609175913643,2.6317953779093677
KHM,4.680870311551896,4.275731119519523,4.270440585559273,4.466183722299058,4.317518305284888,4.088771927890517,4.244116759400416,4.289537192882865,4.4002242348669665,4.4778738617142855,4.449515924912422,3.8292858229837132,3.895478657031357,3.8382769485719868,3.845716113493752,3.820513558630909,3.9356533401167133,3.8084080502533957,3.9031481535214314,3.7880119569193185,4.002207012289327,4.149992645703084
KIR,0.5146481736422938,0.5069515734509461,0.49883397558207687,0.49046054244935994,0.4820903437304151,0.47395611166405993,0.46593437314354275,0.5727048851726705,0.5628412224911352,0.6629907512790196,0.8665041971297048,0.9539658480226408,0.725185699338009,0.7087818065835705,0.5944714158327554,0.7772498955570453,0.7638835841417768,0.7520917551941337,0.7414959681156734,0.7313215895274748,0.7211755160912287,0.7109594397639615
KNA,4.278176546085469,4.473219540906416,4.667008913987026,4.85874921912959,5.044251845737607,5.218496165539774,5.6055068499293705,5.978080371969446,5.902155379705329,6.26025386408773,5.762212689672834,8.449692642430131,8.790656787642849,8.923938985161357,9.053684232185848,8.976660682226212,7.0782858414059495,6.6149497865175295,6.755280046094852,6.696340646787726,7.226139093412495,7.167070217917676
KOR,8.714879880112631,9.245973629117797,9.721114220045532,8.251649514330344,9.006004439140954,10.15463054875785,10.245267464136287,10.03510650158708,10.148806708715153,10.609677084513812,10.492572506782826,10.501402485455102,10.629649329000433,10.83545334731174,11.058080323340095,12.067616104189295,12.643221996643026,12.672746272782911,12.602894138485253,12.312534703023504,12.667855952099686,12.83538069760626
KWT,19.737287076073613,18.561230791497625,18.799190978670477,21.464700231212305,23.269520259286296,24.58086646077332,25.55724214363681,25.72385738214884,25.3432581781528,25.06768614112377,27.503992314904583,26.15074648616056,24.611276301585196,24.74578609452251,25.53044511960998,24.12392283595895,23.95719460182277,23.30628251146802,25.541795474812364,24.175134127037648,,
LAC,,,,,,,,,,,,,,,,,,,,,,
LAO,4.692062264532858,3.788984275513285,3.657197620346454,3.922558052109765,3.6329977044497155,3.4562428386272703,4.667643451933994,5.088066327268067,5.103431456934642,7.060849760376164,5.560118476770945,4.852829437328368,6.602244460338425,4.567841207153749,4.921427122788305,6.509669691870834,4.562377994592259,5.1516557452599345,5.3811900501795975,5.093560666988365,6.411355664986047,6.906377969939727
LBN,4.347604282985393,4.5310212938613805,5.065022534293456,5.125192228551626,5.317834678045534,4.874078075808699,5.021296662165708,4.772602012574707,4.714729256273678,4.637392660445251,4.394773688309029,4.03802466220411,3.765199238821449,4.604657419994077,5.370841545422776,5.03123220166277,4.932392962171083,5.104146618101142,4.774608550573232,4.816037276384012,4.691797146591337,4.677310988730497
LBR,9.111534870572676,8.238917498812762,7.716440790610617,7.205615454495982,6.763684422634711,6.463150562971659,6.279776040504725,6.155923390161565,6.2559756754666305,6.132697803422639,5.9569014914316325,6.04347396425159,5.713607311106496,5.490789553918389,6.595397659060028,5.2475281110235095,1.8992179851711648,2.069803143827864,2.0855234075286924,2.530103761780294,3.3786276644984716,2.2979043286936305
LBY,21.744674161281186,21.810220502838366,21.40481636699598,21.372850111030292,20.7489642576488,20.7842974035866,21.202414440789763,21.719050262977145,21.956937643257852,22.295370667761325,23.022743021004676,22.859338541758678,22.153090980481817,22.816595111729352,23.056793105427076,23.513701858264962,18.429951857072954,18.734439008869266,17.253766755970666,15.622354915571853,12.733871740480172,13.470084859224135
LCA,6.740655001021311,6.2485722348388135,5.4998575338108715,4.574535521268323,4.064647246685377,3.5092420675178175,3.856390544889018,3.576089138727163,3.7376191366099794,3.707915162901073,3.7939749230496216,5.2001136769036345,5.249375145401726,5.293775108669439,5.167778610041749,5.284774679036103,4.215467347217792,4.245779694983186,4.281376575236743,4.31866110288509,4.521956611547179,4.499400079989335
LCN,,,,,,,,,,,,,,,,,,,,,,
LDC,,,,,,,,,,,,,,,,,,,,,,
LIC,,,,,,,,,,,,,,,,,,,,,,
LIE,0.6476683937823834,0.6379992344009188,0.6283380458686774,0.6189842468509177,0.6103329366169246,0.6027000964320154,0.894134477825465,0.8855042946958293,0.8778346744696416,0.8707767328456983,0.8642295393656555,0.8578781812982557,2.8395377232586534,2.8192044205125315,2.519103199261063,2.5004167361226872,2.2042818174303584,2.184896900177523,2.436779119510478,2.1492088225022163,1.0675206832132373,1.0621913006532477
LKA,1.7277943345886884,1.6975832251337268,1.574368330725628,1.4269093558121024,1.3786426868926176,1.321255042111077,1.3689916258322217,1.4127226454561372,1.461711710188656,1.4607611545645718,1.5523161231922986,1.331744379002976,1.3683066119599372,1.3735999788630735,1.3238248520089042,1.375005509152547,1.539806271683399,1.610281517747858,1.4836045664318678,1.6113196650303203,1.7410586552217453,1.760128283733434
LMC,,,,,,,,,,,,,,,,,,,,,,
LMY,,,,,,,,,,,,,,,,,,,,,,
LSO,1.9066700797114502,1.892166173548861,1.8698768929962948,1.852300557292157,2.0844359966748045,2.0513536966672636,2.058219615471524,1.9706093468957238,2.0264097172539124,2.023988753402395,2.134146646934995,2.180971376509531,2.284941230707597,2.3249622948484974,2.4269759126409265,2.5005249097881768,2.5052562972012495,2.5806579685258986,2.578235648766415,2.6132442546552697,1.7921138249682738,1.7686738464222427
LTE,,,,,,,,,,,,,,,,,,,,,,
LTU,6.398277039333697,6.669234034861602,6.673870120221967,6.961875350594239,6.242484190908787,5.789338929503797,6.090783210182729,6.0585518666932705,6.22508757140477,6.582619574631893,6.907390998661261,6.5200591209113155,6.839365282143934,6.8100146612299115,5.773153634178081,6.224812593751554,6.033456457234946,6.265536237190711,6.048641354787471,5.940593384115972,6.0931319731076,6.174537545964743
LUX,22.97950443560722,22.910254088961313,21.432828704255574,19.51966093713209,20.326383645972474,19.94040797616319,22.580827812694636,24.138510674062868,24.577640989305404,27.417893668343904,27.582025892277464,26.701252758459454,25.062865500121877,24.3937378491763,22.901545452536546,23.49330214043511,22.80325727746085,21.791293276529064,20.373233215547703,18.999890350680097,17.643836770809195,16.786537780878124
LVA,0.16096216745216205,0.16278545446850143,-0.08631847984114112,-0.27800610700579537,-0.5772894336790656,-0.9376781905345188,2.995075240568722,3.1772512275054727,3.304260791842497,3.2521446037818555,3.332143707407409,-1.6138069751622484,-1.422517128151523,-1.6258504713588529,-1.9937721468630307,-1.4683762761882286,-0.9467356796518344,-1.0322864801439695,-1.053339209508672,-1.0984149721484093,-1.1175574341083585,-1.1890563944441979
MAC,,,,,,,,,,,,,,,,,,,,,,
MAF,,,,,,,,,,,,,,,,,,,,,,
MAR,1.36510553173361,1.369439150395569,1.4228286936951755,1.4346981298017965,1.4960196283960339,1.5183888102663088,1.6081669060262656,1.6496480298198242,1.6428899229503764,1.7751824708932833,1.8492517671895783,2.2441393082993257,2.257436085919654,2.32680469816685,2.3176359536995217,2.4042007471758757,2.463253294124645,2.495044055547009,2.484599678849846,2.502606796778238,2.5487829410001033,2.5066690777758063
MCO,,,,,,,,,,,,,,,,,,,,,,
MDA,5.869985743352571,5.274231172199575,4.711254276919555,4.208784329281654,3.7477792360059867,3.4681096374115317,3.6781189969190184,3.7587991633064237,3.9761294412745665,3.9721644531348494,4.075328129701386,3.975563306071501,4.082230672830266,4.002839645128042,3.791441397093787,4.043352285018244,4.035200656821569,3.958792190687886,3.6625141848089964,3.8677610738724866,4.113556744857172,4.22529682353319
MDG,5.403921219407216,5.101891087536454,4.859263273796904,4.851172523131699,4.645176015135199,4.334422583749682,3.7015098519568252,3.024732842604081,3.1859222631495396,3.109588795639296,3.3293842455173563,3.480882608187415,3.5845263315517046,3.2175674180141667,3.503796492576711,3.3926447310941374,2.7409901790229907,2.4894121671350966,2.6226791717333544,2.4281591514194196,2.3702150458478157,2.3639873738570714
MDV,1.2591534553925214,1.3889799871133524,1.5539603247398064,1.4527574453819077,1.901092031134038,1.9685180280460133,1.990876893952624,2.379447016513362,2.048347611197193,2.505903329960002,2.2527596305474207,2.7176651286921314,2.7747196190578483,2.9116150146163076,2.971154335904561,3.0623349210081643,3.153786514934493,3.398474965826446,3.2724324038181587,3.7469972299805754,4.26453293472407,4.248043691760268
MEA,,,,,,,,,,,,,,,,,,,,,,
MEX,5.046731633063336,5.230010304996903,5.445983967065479,5.73830013747872,5.434178724337341,5.623567964135838,5.489931604224058,5.477713778892998,5.667968749242101,5.586187435877584,5.764811374400179,5.827250915122815,5.938050921484267,6.124787620652031,5.894069800379565,5.833313313109416,5.894266926070651,5.7308449589766814,5.620263872163032,5.448376075841155,5.562938541268167,5.581457528576855
MHL,1.7836970093346811,1.9789048740427049,1.9821605550049555,1.9858606720152514,1.9832219423675703,2.1673595649518256,2.1391622262844696,2.291388199350773,2.2448368751870698,2.202804904912255,2.1716312570125593,2.3311277278677354,2.3193163369074594,2.4922562039377647,2.488888888888889,2.483766809778945,2.4765173090870496,2.4683957190965673,2.4588148512417014,2.448451354518267,0.6963909538815091,0.6928206460552524
MIC,,,,,,,,,,,,,,,,,,,,,,
MKD,5.632163739151656,6.403802471344995,5.776161008362681,6.137997084575636,5.641194352482768,5.450116201981602,6.437110652708335,6.090990020147121,6.515939702721209,6.3975172188495355,6.5816520432001,5.990894422118615,6.211793596091073,6.090030875827705,5.756295555569518,5.6646388901364295,6.108602852514877,5.867101709606909,5.438167457986665,5.188242230270362,5.059326859446898,4.993403804887192
MLI,2.510001144418643,2.6164995403845115,2.6470205960392965,3.008524345351569,3.0480311072057558,2.83836441876792,2.6943823414599524,2.6599208548727384,2.552013549539565,2.739090327728762,2.617506799725349,2.583429785922966,2.5008306801380424,2.5627805056081816,2.4016850474668843,2.5256899748447657,2.4602646631161593,2.428736971040206,2.4261598758506455,2.4010553778089574,2.4887064907873704,2.6422970472901035
MLT,6.9948783712531695,6.712204366881194,7.210200866791539,6.903944332406751,6.888935904514704,6.101203064957304,7.09873087922489,6.566170584060873,7.3008816253619075,7.276932125163232,7.3049817499269505,7.401778400623723,7.6710496552945,7.474736124715728,6.9822074927814155,7.261621006108447,7.230918542861811,7.4995000333311115,6.714135132533741,6.650435615038729,4.7410083742835125,4.216481170776272
MMR,4.264992814156788,3.9748308554135647,3.871879047064695,3.962840722085487,4.0332537069241585,3.9176192501745675,3.3876038853898094,3.293351155862487,3.5275986148136877,3.986040498237354,3.6727329750297466,3.726086969750137,4.018824510960225,3.542384702057347,3.789425060318465,3.915154098892235,3.8093284421064544,4.020134867560003,4.042239006213998,4.183753322705979,4.250321075681455,4.138543966237414
MNA,,,,,,,,,,,,,,,,,,,,,,
MNE,2.1578782172002513,2.19311525475325,2.2312639453996588,2.2545428215027434,2.2277190961731086,2.1489379287544423,2.0415252828088755,2.033360226162131,2.0415929651606244,1.7934207544432,4.672281001072834,-20.58452908418357,-20.815912319870105,-20.082046261643615,-21.85044655131701,-20.502786441684908,6.644314676033215,6.20366386776689,5.988342050234463,5.741303613644039,6.011325079280377,5.49571510984199
MNG,21.82313469856659,21.363499797977006,24.210804826234494,21.560799842422348,21.353196772191186,22.82872657167002,19.404129959315387,19.72355911399104,17.737635300608158,17.89383153520422,18.421294287894668,22.474887215224303,23.027812261452222,22.485673836904013,20.704646128575256,18.813219328974345,20.2789382759365,21.407590684883594,21.340887891978326,21.59784606551868,22.965282935554132,22.117820583249546
MNP,,,,,,,,,,,,,,,,,,,,,,
MOZ,3.950065896864529,3.6628058295628656,3.4261982683245042,3.505422789137757,3.343155386614899,3.122189923208243,4.0928799474565976,3.6138051513643967,3.443156364614533,3.250035458584975,3.276092793352176,2.7964749709560337,2.8182120354817877,2.820897770916167,2.6342329734685435,2.679378778487151,2.85354158536602,2.837187736398794,2.864942211146202,2.855875161391946,2.7938020269357278,2.7351835659592822
MRT,3.56582513193553,3.6790409713679586,3.706499482446109,3.7496755088501956,3.837467817776884,3.8970138988426437,3.907637655417407,3.7759633475984837,3.716993309412043,3.6199747758524548,3.5811194652194933,3.3966321604829965,3.35048963050001,3.109605556394896,3.2445249010655655,3.3026204891255353,2.6760049885401407,2.7222050454411293,2.700724611485964,2.6558830353181566,2.725946487915753,2.738058581964264
MUS,2.4856186027616203,2.5573282445440726,2.6125940969307244,2.852413046644278,3.2673426549030986,3.5724125496156707,3.861949515459083,3.8103270655251733,3.9064753537667816,3.9721442125858824,4.111527420224156,4.254470841072418,4.356138525205101,4.4449052785058685,4.385019107299894,4.646513115802943,4.607139549218942,4.737706249472482,4.838505926573885,5.043880171365036,5.0609652266544165,5.128720597907513
MWI,1.5145643494306162,1.5454780101626404,1.514870180009442,1.5048797716676627,1.4464284365251003,1.466531070097674,1.5631560531840447,1.4666632063204135,1.50831058298204,1.4436867076285673,1.4850365342748015,1.3334670397393988,1.3236588809640915,1.3345095276841525,1.2761751269008585,1.33841260688387,1.1455601989879505,1.174330613688421,1.1850294353861912,1.2253261909176072,1.2325844447245893,1.2321792444172255
MYS,11.913055536451866,11.99279861133612,12.163544861744022,13.229689236829119,11.886786008462535,12.060313033523773,12.934685595023586,13.443685703853676,13.543157670818188,14.293000435240819,14.576531480703203,7.741405309320169,8.571363345642295,8.822512375713238,8.76616727432158,8.935042798975541,4.482922122491205,4.428557033832104,4.991368519297244,6.000691274813413,5.3939481672237575,5.248200379575506
NAC,,,,,,,,,,,,,,,,,,,,,,
NAM,11.149573213995017,10.97164925831651,10.635841962931204,11.001138228002487,10.81152178263682,11.35647461148096,10.868182436315303,9.770335016092158,9.733294946509451,9.93319337752163,10.571009946758018,11.261506901223903,10.490831362253141,9.401025940176002,10.802270398895939,10.179935191993483,12.050812792315671,12.488700482598743,9.370900510855112,8.924840439336156,8.898857144831924,8.655489874857986
NCL,,,,,,,,,,,,,,,,,,,,,,
NER,2.4741082673149646,2.49323316166999,2.465072167468495,2.4730421338864046,2.4446660990503313,2.4083186450017418,1.9155221542348484,1.922069948743981,1.9157203234918703,1.919866011636826,1.9127353752627534,1.9117686256568258,1.927765122350438,1.9356224560531083,1.9579460703889817,1.9697491955946373,1.912968577241599,1.9797483488657133,2.0017017707548885,2.0420831285316434,2.054329182528473,2.0544678831977046
NGA,3.7234478882884114,3.7393558296117333,3.5656472141507094,3.407503621117372,3.2483632010155823,3.146858722554123,2.7935138164375046,2.754360871788965,2.7434288771522253,2.6927199502821533,2.7520250312720953,2.81811960332797,2.7310377396054943,2.6835763073685226,2.484109291659307,2.5504217432283087,2.6434066049453704,2.585201145446465,2.6528568681225417,2.6323531530886823,2.5612594475770685,2.586681288713205
NIC,8.458391057105425,8.212455853304533,8.240015195764574,8.30236830299551,8.274828492658845,8.249656461579917,8.158797644326954,8.123651167353344,8.427627653049308,7.996369014722452,8.217052268101327,7.945571835423467,7.86217666910254,7.790124345558977,7.659873090818839,7.700806910637158,2.874790425745112,2.8382659766125546,2.97569268154447,3.1337842618261287,3.1334160340915664,3.2741251788157757
NLD,14.237008511413993,14.873315717242294,14.235794153350437,14.157830331282916,13.27402174842437,13.049501136949246,13.042356498556043,12.927173065161163,12.861393889617586,12.916278988923754,12.519709105490314,12.097686169931288,12.054917879076745,11.884034829270066,11.50305727851034,12.076752438130567,11.267547247439268,11.07552496985669,11.02149718598046,10.547875221879528,10.985882285297283,10.979245596998387
NOR,7.177948900528172,7.349356452004595,7.663745015217391,7.988330718697027,8.357401858799129,7.112054040922589,5.671557868389284,5.522063021590914,5.925708483621057,5.995326563456166,5.6820996125919825,5.428395917588797,5.485062812781831,5.127708247871529,4.928836301749157,5.426187891317527,5.216947488112466,4.979503137644905,4.754289836076418,4.681509419858788,4.685265235929412,4.548650983977707
NPL,2.838329554996366,2.7048007202420314,2.6854374241053987,2.684548273577414,2.7192725603493053,2.6845037677868735,2.5041990616872494,2.4031746495245603,2.5162602002035657,2.450889369922371,2.484802579191672,1.3968016579625195,1.3823514841099134,1.480880034992119,1.5983761064160646,1.6162461539190527,1.6189968010945572,1.783632684005572,1.8051181247159418,1.9058290047699986,1.7482859819779588,2.2467886603824323
NRU,10.350018818216034,10.307346326836582,10.331548793087254,9.46521533364884,9.570293808019906,8.70658798490858,8.810572687224669,7.919223916056226,7.004202521512908,7.0692789335487785,7.107320540156361,5.087505087505088,5.080268238162975,5.0551005965018705,5.03068719187041,4.997501249375312,4.971661529283087,4.864286409183773,4.62064504204787,4.2183413481818945,6.412825651302605,6.130737987585255
NZL,13.64675777209125,13.555734190782422,14.000476026763282,13.46788990825688,13.989204975098433,13.961687015579232,16.376755572735473,16.416360643282257,16.713845848232022,16.18593272171254,16.357434867800382,15.874874539979928,15.419764193380367,15.282407624771114,14.484265327941245,14.28965453835015,14.235857664233576,14.623080238651571,14.40760000900475,14.364591879725925,13.980459995212916,13.45137645955851
OED,,,,,,,,,,,,,,,,,,,,,,
OMN,8.76931529022895,8.78991565078908,9.46322322094515,9.560968157934937,11.024859594909584,11.935768194771278,13.006751310043478,13.499750306014327,13.515405047259915,13.117880595391485,12.941756917169968,16.417657137941642,17.35312691228749,16.317922123998034,16.74787374669093,17.18268422066696,17.993865476016175,18.5904690898789,18.062024460762245,17.813600313861038,17.84715003322907,16.9627785558152
OSS,,,,,,,,,,,,,,,,,,,,,,
PAK,1.7543669862178335,1.760590891397981,1.76388319407848,1.7426903432373206,1.7857578128202782,1.7539252807035663,1.7253922261732937,1.7271181419956043,1.7390040782496838,1.8067886730090825,1.8171722818059546,1.903334958779803,1.9602748031747335,1.9338302412109794,1.9501427851476647,1.8777242530472724,1.9210693941688592,1.9010422680620174,1.9164195648399573,1.9454005255576705,1.9780675194955082,1.9823964258149218
PAN,6.873095572164218,6.637363564807812,6.47181606447008,6.712870444004016,6.2836648945407845,6.210548825077681,6.683609265521509,6.398474781435723,6.459859746566583,6.2856415758944575,6.61218172869816,6.462900533248262,6.2802666724576,6.199867811992706,6.5656854924892745,6.665409353040763,6.842065645518946,6.980277004548849,6.9379317141697285,6.928433105247846,6.954791586818856,6.67314329819736
PER,3.9737999173633987,4.011905392879904,4.014921450413975,3.9554819066225657,4.042059041211018,4.003409833369262,3.878088538556159,3.913144357057652,3.8875172227498047,3.996493945365973,4.143737858250576,4.895727202308614,5.086991687305695,5.120733027366092,5.20688349164049,5.367291915983348,5.410684780010934,5.401807882308302,5.392626791971126,5.440280722473268,5.447194019021662,5.459801632488772
PHL,1.735352620786561,1.8181627455652383,1.8944040167992489,1.7706767625150703,1.8062014497380425,1.791727856361227,1.9237413466939997,1.905850283176144,1.9044701539955025,1.9113323581379045,1.8925877123123036,1.9836457882656668,2.0136349133490494,2.0146979220966235,2.0045629804905003,2.0365707966155697,1.0795223319289569,1.1135383446748972,1.2097514156549298,1.2698837439539497,1.340179172896843,1.441292109259955
PLW,6.408762526217665,6.252486784516569,6.106361718663262,5.975013579576317,6.391137622496805,6.281078251766553,6.70587021561952,6.620155828283343,6.562673532232823,6.543514370564252,7.0774986097770585,14.329580348004095,14.615304311514771,14.43541488451668,14.766201804757998,15.037593984962406,15.215553677092139,15.873015873015873,15.903669203680563,16.452967207534325,1.6982734220209454,1.692524682651622
PNG,13.14231954132013,10.23663178684924,31.43588865137247,10.213620716899072,9.865012549506565,9.615933822948477,8.894276113211381,12.460193870056854,10.373789021619613,16.310356305115715,9.368885108830725,10.960004633742521,8.618620744556008,9.092341232713908,8.235387645462923,9.152579978379064,7.822328096143037,7.91508113875478,8.249470140063805,9.42274250883791,16.674118361696028,7.7190344013849534
POL,10.517165980938774,10.891828138556047,10.620015803502541,9.847535456003044,9.570289871998051,9.319988962490005,9.038624583364664,8.842709423326443,9.16461041179105,9.271854320055025,9.320997043267804,7.515744036505132,7.519039594381614,7.354083101663629,6.934177837822437,7.426373572876903,9.471864663177124,9.287457028007445,9.151372406177929,8.814383242438158,8.92266424109758,9.211461643477403
PRE,,,,,,,,,,,,,,,,,,,,,,
PRI,,,,,,,,,,,,,,,,,,,,,,
PRK,5.661344216360777,5.05213164954269,4.6639245458762595,4.2366351532538875,4.381588494758063,4.490368669473147,4.577015153257384,4.3629985672757625,4.381876362274644,4.441966666204577,4.504235600428997,4.652281551040987,4.110659805341675,4.43107243059296,3.7440119245101418,3.585098698773335,3.008099618272888,3.0450861454547975,2.6033464353729077,2.7676066073285424,2.490486654672464,2.5901162900968178
PRT,6.808178910882873,6.621657809139458,6.816713501277132,7.291197925709307,7.9097044890557955,7.807657568617298,8.100188348196545,8.519495556032647,8.067830972535049,8.167792381070294,8.540148695699363,7.387176629265422,7.234208520488166,7.007838569101465,6.933032507661867,6.448439908825226,6.5204460121467465,6.3900139650193575,6.266438883095485,6.241670321742145,6.683673686116997,6.720286918190119
PRY,22.23435017646592,20.92628904958475,20.711870510794103,20.323663294790617,20.512431204277167,19.244060105940015,20.265475705377085,20.32913458190783,19.927274767205937,19.104626799282233,19.125714960742407,28.126859713566695,28.407447485815865,27.45467413525012,27.425497714785205,27.51591704251907,29.635413838006333,29.525756550793645,29.731458389782553,29.239978749989014,28.91274388353213,28.709600889482715
PSE,,,,,,,,,,,,,,,,,,,,,,
PSS,,,,,,,,,,,,,,,,,,,,,,
PST,,,,,,,,,,,,,,,,,,,,,,
PYF,,,,,,,,,,,,,,,,,,,,,,
QAT,37.141488230413565,38.31351632726096,40.55510618862328,41.899188123909916,44.54073610534121,40.96423773098294,42.58453493590369,47.65411910096931,47.03808221910623,47.24332102360972,51.813232017896595,47.99009690909749,46.27251045194077,42.2088656715379,38.29722952355056,37.35333268330418,36.00915775115418,36.843020772524056,35.58201024234627,36.267921493104666,35.38981412552471,34.75772442014577
ROU,7.640536812513694,7.800520305845474,7.252379159011328,6.4925474991629395,5.80810642914484,6.0188109675853525,6.341505071622635,6.351442691413946,6.657450156264441,6.5337332883082535,6.508538939482455,6.414152090049146,6.409046370867915,6.347297371320062,5.566224247497986,5.444298034990196,-2.12532276912582,-2.2325217799251025,-2.8483223796522497,-2.90723095343061,-2.8321097865441076,-2.9757693300148995
RUS,17.537100374491175,16.92932835426707,15.670318691222404,16.053964181328546,15.983151973347823,16.501001452578453,15.961381838146732,16.387136430647903,17.643212942413818,16.962170962418654,17.36570268354838,16.63346977279086,16.470001404991958,18.330509480893372,15.975519391899486,16.812525472184355,17.33481360787485,17.746859331450842,16.81988681367408,16.79074960443866,16.07814243293418,16.567412390743467
RWA,2.2068039122795446,2.0588358065140033,1.9673200568046143,1.831159352226302,1.711718365271634,1.6045515316282568,-0.6985653048004435,-0.6775791319867189,-0.4417352904777648,-0.5898261441359992,-0.513562170150839,0.44784353386366116,0.34182478579069947,0.4966122227082186,0.40070450393906837,0.4422602366809445,0.5255830206956329,0.5004892092441116,0.5938097827479389,0.4736713181190106,0.6939881015783963,0.650451485317536
SAS,,,,,,,,,,,,,,,,,,,,,,
SAU,13.68758600009754,14.16844573442728,13.065293179181149,13.743912543627697,13.796807422129769,14.108217914741223,14.050607466748719,14.593232392490766,14.761329706849851,15.126218395255682,15.424805897737686,15.929670250723417,16.391368104877756,17.403066476399733,17.679858918616134,18.799508895605527,18.90745563352641,19.486069494255002,19.490879266755616,20.349326328426365,20.826878597344503,20.453988666496603
SDN,5.006485438506576,4.458005511415105,4.5498692704473696,4.686817534809316,4.598422925714663,4.611179865528946,5.38842222835713,6.218825311939357,5.182189763866686,5.7297575348115375,5.403638622329344,4.496266686855018,4.543176102831896,4.563405336652547,5.4780713163367,4.489794228764656,4.873028415730258,3.9470867137596533,3.855682978376184,3.77327141446727,3.7693799570469593,3.806518059880384
SEN,2.67428785003367,2.7645444038676246,2.763151885629387,2.8316901970458423,3.005626038670577,2.9333313192621886,2.800887675137683,2.6702454048878717,2.431350399332465,2.557797197301815,2.582479750437236,2.551336868891156,2.4334564322311474,2.504019050536952,2.4142519013247092,2.475913674457815,2.376895349624964,2.245934951008399,2.273185695980822,2.2765864128215205,2.247837031335068,2.333673569022581
SGP,13.959403105002517,13.78482165818873,13.37183663598731,12.668016733495229,12.792003886101654,13.719352106948383,13.320406030722,12.974293274584227,12.42336857014124,12.59760806246916,11.9087750324561,11.678195287143875,11.476269772102553,10.91458520856735,10.8048543850887,11.456188745043072,11.827486530825158,11.50131286262783,11.535123413596406,11.375345447046323,11.09665362361206,11.279972849595785
SLB,5.8728404786225825,5.710064055552699,5.578962049900131,5.451850941788053,5.353772292858815,5.234333349488683,5.118600569886588,5.006522258354921,4.899142538203245,4.797847075166998,4.702948173936729,4.469129746111857,4.409386099664317,4.3507628734901465,4.289754474640952,4.205652624459848,4.801291177996791,4.711687863267538,4.620756648901257,4.530906402715819,4.476735895794853,4.407227853680035
SLE,2.513965636738471,2.0891949434526116,2.0829003568610345,2.081487021631717,1.9922113276822357,1.9325690451734743,1.9856661825904194,1.9332364835556086,2.2803000151891823,2.4015498001376887,1.9643532760949012,2.5903904747739714,2.0719132541175727,1.8129637669735064,2.064490539531885,1.7441768031031695,1.7948452288808576,2.0871256525619577,1.893944912426901,2.104844934064343,2.2365019993268183,1.8543185154317778
SLV,1.9169953452012933,1.8805125820351645,2.0065141228661862,1.9973213816013584,2.0188726957048995,1.9803204382656334,2.087057107753898,2.106627557640416,2.1571294462850577,2.1614274186198505,2.237231464066411,2.2765408225385437,2.3665983710596956,2.250575853865217,2.192382008436286,2.1378181156637224,2.0964266070349766,2.1160889610211604,1.9836995118152208,2.0174331641866536,2.115373548407905,2.1207829968583147
SMR,,,,,,,,,,,,,,,,,,,,,,
SOM,5.440733447175831,5.367914294557919,5.249411961275317,5.04306948919887,4.866956034072667,4.714698204086583,4.8156443128536015,4.704598571443908,4.581570289662828,4.471758476079992,4.382176735733971,3.9344457239264004,3.7246885661266695,3.6263330919872514,3.5339723897846094,3.4581870315412395,3.200471352428213,3.1418322977214443,3.069573059895867,2.9954760192068046,2.9440753961618737,2.837381789563835
SRB,,,,,,,,,,,,,,,,,,,,,,
SSA,,,,,,,,,,,,,,,,,,,,,,
SSD,,,,,,,,,,,,,,,,,,,,,,
SSF,,,,,,,,,,,,,,,,,,,,,,
SST,,,,,,,,,,,,,,,,,,,,,,
STP,0.7594283023739729,0.7473506419742014,0.7362035455562754,0.7254367129011665,0.7144949592380626,0.7029283997132052,0.6908224240958861,0.7460307771606068,0.7313100422165343,0.780553802923174,0.7620402357244462,2.597707832089114,2.5255562236921225,2.4544179523141656,2.4449043644385817,2.4394165359176365,0.8129023866814074,0.8492388696630645,0.8329559001910593,0.8685567141988586,1.0529904930001204,0.9841212043675299
SUR,16.815623366247898,14.2119929587049,14.334123801911657,15.266478336606275,13.236352697229176,11.317573665089002,11.414686757074902,13.478905512872355,20.4327563521894,17.4607386581159,12.253135361107107,12.685658872539804,11.013711385986568,13.28504050293644,14.719629294738592,13.096945746894436,13.453442679925782,13.709133571672718,14.3068312835402,14.260591064447388,16.650481182810122,12.9937261899704
SVK,7.769490445634175,7.769811110774057,7.722042148566741,7.487223857604726,7.19975092753548,6.7381493193188735,6.999615346503269,6.892431938629459,6.949078921363002,6.829502557573321,7.001926553475679,7.42966662907166,7.241439491000484,7.207347218460327,6.523830546750467,6.820085513522577,6.781659103909615,6.3429494049000485,6.448820545635612,5.9553589833923555,6.016076179786095,6.174046613407459
SVN,5.734037164199506,6.149968722154169,6.389869664786128,6.237292651651747,5.8596753981881395,5.741795190869439,4.402477837012942,4.43212185326869,4.42443954176235,4.496718096836674,4.583913612473844,6.019329622077785,5.970897695976754,6.431453567873604,5.393031908608701,5.496482202576122,6.264482963382977,5.983980820150508,5.631196439918775,4.907904053385581,4.913907278349586,5.321925655749374
SWE,5.946568793553462,6.567131900719805,5.860234757567831,5.942848775739257,5.783554834941206,5.292991779068539,1.656931910665066,1.7927255231901371,1.9010453963612675,1.7345801109708745,1.358868393762185,6.247449894031224,5.966271436710518,5.692198076778944,5.316978033589234,5.889236293050446,5.4163240896358245,5.009783206332686,4.783144498774475,4.748295966114246,4.639160844584438,4.658833417228614
SWZ,2.589440907340094,2.559470676081006,3.3941371729639846,3.439063268559206,3.3396773791177616,3.2622695649146887,3.0682442638137584,3.0910869733744564,3.099329097909468,3.0888076033386405,3.0759408060905566,2.9534056821208927,3.2417335793725996,3.1334974689150386,2.8842507614894837,2.939417018754983,2.929017044267335,3.09463275789224,2.9719213241335654,3.0684343039996493,2.898435207292463,2.908479834539814
SXM,,,,,,,,,,,,,,,,,,,,,,
SYC,3.585466907468395,4.056688956645773,5.432041283513755,6.595134819775258,7.46175848775028,8.134991556864824,8.866776680377331,7.524813969876856,7.731242676459574,10.06365565322825,9.534384127060754,9.810874704491725,8.820105135653217,9.200055200331201,7.216660175490848,6.238164197393338,5.260690065301175,6.341800391832667,5.892227817985748,6.895872327849473,13.70170950234963,13.730895571258067
SYR,4.91583000429682,4.997240774827842,4.889519269318675,4.965514800997026,4.777074538286379,4.658503935933109,4.59068499497303,4.540923093924411,4.473100359260587,4.5025122245702995,4.978983916934297,4.9676645334251734,4.927998203463946,4.789964091239089,4.428490164022014,4.3580982382750655,4.11422187940729,3.4883139038341664,2.925816907994649,2.6603372831069065,2.5086945853536244,2.5999870630877293
TCA,,,,,,,,,,,,,,,,,,,,,,
TCD,3.7659706040317285,3.999462141298239,4.086096968438566,4.432405050779609,4.394343056267458,4.15527019189641,3.505395393504832,3.7974404253665472,3.858579488017601,3.8460088464366944,3.915166570875657,5.444135500353634,5.321674272491908,5.110166790836716,4.792326602767249,4.759818663375317,4.629888433684392,4.534308453430845,4.327395248442864,4.151187842054914,6.864869365865931,7.002632803142168
TEA,,,,,,,,,,,,,,,,,,,,,,
TEC,,,,,,,,,,,,,,,,,,,,,,
TGO,2.5175739200163925,2.547826356895745,2.4409539916954066,2.560202536629677,2.5834398784381714,2.41450637051971,2.313055807458943,2.3551908772528005,2.3787016903601987,2.2751522285335546,2.4021498171657485,2.1968182575378976,2.109669362955861,2.090929115530409,2.286094577764411,2.1832296506879274,2.214997916143302,2.0741659749089396,2.057595121357133,1.99775931539338,2.089262583164258,2.0466176082084147
THA,4.1782645022537945,4.453836214642675,4.520878428306786,4.170164333410305,4.279712932741266,4.2563741804513935,4.284756766516215,4.445045392952142,4.604812037874718,4.973128902753413,5.006253115723387,4.934318288540044,5.156532811222109,5.166014078493112,5.133486271124616,5.409179976828048,5.587515411728913,5.909992542745435,6.043481043319988,5.9787783905399765,5.979086426155314,6.049470032700978
TJK,1.4120153136009688,1.273209367744736,1.3000123770608438,1.2758428692494992,1.1667312944295445,1.1003257382437674,1.066706676080274,1.0471665276409174,1.0639685077551229,1.1497377292139501,1.13855273598052,1.1946400962530337,1.274305248778366,1.2912746725696367,1.2206790913422352,1.1996183539748284,1.210781148709128,1.2863761589925375,1.306489056944436,1.450411028552256,1.482133723711348,1.5374708304731797
TKM,14.294741650171668,13.43255244619865,13.482993334735516,13.651362111386504,15.073435979879696,15.581914881603353,16.066754263671367,16.733170571398514,18.16466243948603,18.899090254052332,18.78373279524911,18.69812097813168,19.42243561326048,19.172298854463754,17.250557812631666,18.157289659387175,19.649851133098895,20.691357087264375,21.32724604598076,21.95806764614198,22.685263131982232,22.282181389707354
TLA,,,,,,,,,,,,,,,,,,,,,,
TLS,,,,,,,,,,,,,,,,,,,,,,
TMN,,,,,,,,,,,,,,,,,,,,,,
TON,2.7090105859798284,2.389039502248813,2.587482793239425,2.3703520488086403,2.564576024291664,2.3475855592867423,2.335333597327566,2.4237038233927812,2.8115554930765447,2.594344329361991,2.5766810366186017,-2.261420171867933,-2.4370984880240982,-2.321554667775854,-1.9251131003946482,-2.115669417036909,2.414012861860528,2.628069731450208,2.7513560254696956,2.6725264283169023,2.8775265178952383,2.867511099245548
TSA,,,,,,,,,,,,,,,,,,,,,,
TSS,,,,,,,,,,,,,,,,,,,,,,
TTO,11.656833040982299,11.808684989610743,12.207821895974753,12.538688034746908,12.674722473422246,13.139691891981473,14.044943820224718,14.680401781065491,13.688502047821721,14.068426033796777,17.161562419494917,19.001029510326195,20.398165464354417,19.97043614671766,18.926059670080928,20.56248291793002,19.870107126445728,19.67553949719553,20.455049124621407,20.17114645221244,19.163295211073553,18.823081903998652
TUN,2.5401631797319966,2.669590195244806,2.701401567600552,2.8170770601492747,2.937508867656904,3.066432503978534,3.1437926228185025,3.1465110146626807,3.154261062814037,3.2178316364634503,3.256232875960086,3.3094100368838455,3.3470079650832054,3.324232821892464,3.333746924430826,3.5513994789400223,3.3429902400697085,3.4138465172219936,3.371694075870512,3.557740657518561,3.577833852372672,3.4863931586368158
TUR,3.607672860191768,3.8495012779671107,3.9393719346177223,3.897949827747337,3.8370523012865667,4.157798756910834,3.620219346440348,3.7250538476512074,3.8509956558541716,3.892947016255408,4.026156601807781,4.040763380383703,4.422130323414233,4.349702814330145,4.3437173743605335,4.417576465371405,4.5229102396207015,4.637053109816756,4.444308995492131,4.691195829205667,4.700149978207527,4.960429068156935
TUV,2.1510002151000216,2.1452322213879653,2.1452322213879653,2.1431633090441493,2.139952921035737,2.1290185224611453,2.108814846056516,2.084201750729471,2.056343820686819,2.026547775863816,2.0,1.976284584980237,1.9567556990509736,1.9391118867558659,1.918649270913277,1.899335232668566,1.880936706479827,1.862370798025887,1.8421295017039698,1.822821728034998,0.9009820704567979,0.89086859688196
TZA,9.927776982363904,9.740667337044433,9.029951953423183,9.379406140721603,9.005808934938637,8.025271066336549,9.011263235674575,8.397107122872791,8.812590707930385,8.643178540947032,8.825414196812927,7.8015279555721015,7.8642792504704975,7.7392945333897325,7.308149072590102,7.126375741954979,6.823893624766379,6.580099357566288,6.382333697026455,6.258429023225903,6.3446638403284465,6.021776490039074
UGA,2.0726833367037094,2.0211268854520275,2.008275257744051,2.0609417884883348,1.9740846386065778,1.9221847519755881,1.8102446975206168,1.8830021881208587,1.9560785313568396,1.9230986480631418,1.978718481783274,1.9918467632490098,1.96090813311575,2.1750320126331273,2.1517873811216264,2.152758125366753,2.135799892457248,2.134021281993826,2.114287151852098,2.084137720730855,2.0897070860088958,2.0447692220539673
UKR,10.179510722284013,9.012247031461133,8.609303396116998,8.131590938637668,8.1349455996022,7.838604023666252,8.397032569209532,8.651833411130129,9.254814856644487,8.583904441578365,8.239863369504183,8.459692975191155,8.712871712892138,8.469417314119443,7.20643254663618,7.586760175885696,8.454888953553246,8.271390752588648,7.933461714325912,7.327937541542006,6.249719155736911,6.304238151417482
UMC,,,,,,,,,,,,,,,,,,,,,,
URY,2.19893985666882,2.571302843737769,2.4647081920050495,2.294098575744602,2.605794658544165,2.0242573505845045,5.424792202492698,5.523084508905486,5.818872402418052,6.388725976041976,6.493461532788067,5.436938282029746,5.105426609267385,5.879850464984203,5.797575646122192,4.968333941103364,8.052992430246482,8.23918739830493,7.968870364682769,7.7843004745864794,7.696345466849589,7.762551210058491
USA,22.422731130622882,22.52945499899775,23.11541607220794,23.003726609003312,22.8125,23.01908314782581,22.597584357917164,21.97877708160286,21.899297734819267,22.199973990907775,21.919580903135664,21.411830163687426,21.913831789679083,20.60991239793295,19.121265976413344,19.758751719641907,20.0151257134516,18.91492615181184,19.165919170259446,19.157180928563065,18.608252270821588,18.063622711929845
UZB,8.314241825762563,8.259203444564047,7.872142645878227,8.228763876761882,8.417775017327084,8.8331223834096,8.90946926529525,9.013586262976395,8.806049832503183,8.585949385930828,8.444605801199984,9.072702047134106,9.025978859609944,9.022151574197519,7.92440055604774,7.528779094193765,7.1606781324771465,7.175603284689919,6.714567241561739,6.6867808711314565,6.291275412234935,6.11249093346814
VCT,1.0181885500069423,1.0187449062754685,1.0195097085129061,1.2986892514911736,1.3920080179661836,1.2061159355748534,2.039000519018314,2.0352091177368474,2.1232206487823793,2.3038926570333236,2.3017290588690225,4.4197674097400625,4.515379936968982,4.520587122784682,5.356136932411093,4.526349822179114,2.7696739170574984,3.2277401208097016,2.8539338255602,2.847668127244835,3.0234177447136,3.014827469646169
VEN,14.889368897588463,14.786258160920054,14.781232979108312,14.565088684729552,13.715340384967195,13.900620053052924,15.030954531747993,13.628463728557719,14.212403876951226,13.27635458706629,13.879532227946962,9.28373180469385,9.514228954392697,10.224045362556843,9.926150000522636,10.821049552143922,11.047698816087541,11.794315930527457,12.347747017978469,11.825209366681474,11.683132697815681,11.73081485573078
VGB,,,,,,,,,,,,,,,,,,,,,,
VIR,,,,,,,,,,,,,,,,,,,,,,
VNM,0.6607888850130024,0.7365706043019535,0.8271404326546019,0.9598581386509832,0.9901833055018777,1.0788331312820663,1.4615599153055692,1.6608939094878068,1.720378506114142,1.9228819594268294,2.0220042878037714,2.1816989716316497,2.34489532969082,2.425808449858078,2.656034201526905,2.848774488703808,2.6484287813961096,2.6374547956561605,2.7421540412250014,2.863666355393054,3.1549333731677076,3.3561969511673397
VUT,3.2112655954518963,3.261084776557459,3.258613888555405,3.2024810800788823,3.199735194328745,3.02748524100945,2.906684846659162,2.836221122112211,2.915173477952744,2.7433901443709066,2.7235978249443336,2.6123058263749592,3.1439090180068527,3.115209342067787,2.996781717025629,3.0057871987333358,3.0908334123212984,2.9659437512775604,2.8834726362343406,3.0315891590371673,3.061262125179803,2.982071641576546
WLD,,,,,,,,,,,,,,,,,,,,,,
WSM,-9.761605137191715,-9.639821225133643,-9.531115605458307,-9.430741904315576,-9.388914169196298,-9.171472135921217,2.1095602992154716,1.98404825205349,2.0283518514344956,2.0157903578027887,2.0586778836791355,-0.3317189676905725,-0.3295870274545994,-0.2728319409809945,-0.2167363835367043,-0.16133455947598535,2.933818391307363,2.8558131663564055,2.883854087469916,2.8612898694731586,3.669004149592017,3.5983242090112317
XKX,,,,,,,,,,,,,,,,,,,,,,
YEM,1.0581148456932614,1.0672769775750304,1.1179501226490185,1.1720143875708118,1.2451873096797386,1.2751972075249043,1.329361767388144,1.3045111198186958,1.4190150118514617,1.4426744430862117,1.4566769890640807,1.4346726543948016,1.475859408533249,1.511957758732287,1.643242321395104,1.538338288017783,1.3604906133288261,1.285080343876876,1.5230378967220446,1.502508278801254,0.9721529137660739,0.8675580761485574
ZAF,8.052465216154607,8.103499227326733,8.272179647921053,8.323287302442685,7.719694352608745,7.681512253192891,8.360310488576642,8.597879742920796,8.945573464063894,9.425561954858377,9.33739323781671,9.235615518003614,9.535266653079466,10.09110763752391,9.553061689805682,9.567337884377528,9.155803884349893,9.393949975967182,9.40803106231573,9.543139476556581,8.944258792059786,8.849780478685602
ZMB,52.65149961958343,47.585942767314656,42.251148176592736,41.74134716387087,36.62617876861054,39.63442967819336,37.60220190563339,41.29807437280902,42.164061132069904,42.28942425884206,47.70396568155167,39.62044155861652,36.16584171521651,36.62520148219291,31.18544572251567,33.79983395541256,30.796837781523795,31.41971643375814,31.3328559721687,28.577081723323744,29.745529432827933,30.188516434771593
ZWE,5.983849915088574,6.035758620603009,5.904794562749148,5.965741931265936,6.123802824037347,5.857015924871967,5.991321306074498,5.642325893047601,5.397996231751302,5.3968781135835275,5.386405672609709,5.261819534891679,5.258682292527645,5.079344974522093,5.072256910051977,5.240309620866671,5.2286604423220275,5.156639304632184,5.059790165895202,4.865058655605441,4.8854008312492505,4.702649035415267
