Country,Data source,Sector,Gas,Unit,2016,2015,2014,2013,2012,2011,2010,2009,2008,2007,2006,2005,2004,2003,2002,2001,2000,1999,1998,1997,1996,1995,1994,1993,1992,1991,1990
World,CAIT,Total including LUCF,All GHG,MtCO₂e,49358.03,49854.98,49440.79,48961.6,48348.77,47802.54,46552.37,44936.19,44952.27,44584.43,43723.5,43354.52,42452.22,40678.67,39824.7,38379.96,37420.92,36810.09,36976.63,37342.5,36025.05,36012.63,35287.61,35079.63,34985.53,35125.44,34967.34
China,CAIT,Total including LUCF,All GHG,MtCO₂e,11576.87,11584.22,11592.12,11570.95,11106.42,10781.3,9788.64,8989.4,8396.81,8102.46,7483.96,6856.61,6132.26,5385.87,4762.98,4452.29,4276.12,4079.24,4128.97,3989.45,3980.48,3946.2,3556.72,3405.73,3182.67,3051.32,2901.78
United States,CAIT,Total including LUCF,All GHG,MtCO₂e,5833.49,5966.46,6097.75,6056.31,5936.09,6235.85,6111.81,5865.86,6267.35,6601.13,6388.86,6477.6,6500.27,6353.16,6321.65,6439.61,6495.12,6365.6,6345.67,6302.58,6069.3,5970.68,5906.32,5819.34,5709.17,5627.95,5669.59
India,CAIT,Total including LUCF,All GHG,MtCO₂e,3235.66,3177.2,3163.7,2994.46,2943.69,2800.43,2457.76,2355.66,2170.72,2078.82,1936.95,1803.32,1728.85,1634.28,1591.5,1569.36,1664.02,1627.12,1548.0,1515.75,1459.04,1413.99,1347.49,1301.28,1269.78,1238.06,1183.05
European Union (27),CAIT,Total including LUCF,All GHG,MtCO₂e,3162.75,3159.91,3103.15,3246.38,3325.05,3384.19,3589.4,3509.53,3781.19,3870.98,3906.12,3927.44,3958.74,3966.86,3876.96,3896.14,3882.67,3884.57,3959.25,4000.46,4078.89,3969.79,3921.19,3937.58,4007.96,4149.93,4229.75
Russia,CAIT,Total including LUCF,All GHG,MtCO₂e,2391.38,2316.81,2414.84,2413.77,2541.38,2478.2,2401.66,2281.07,2616.54,2352.0,2379.41,2492.3,2443.69,2552.06,2381.15,2329.98,2418.99,2352.95,2370.7,2317.88,2508.25,2602.08,2682.66,2965.81,3223.07,3463.01,3559.4
Indonesia,CAIT,Total including LUCF,All GHG,MtCO₂e,2229.0,2779.09,2732.16,2294.46,2319.98,2276.71,2049.35,2475.02,2043.34,2057.19,2681.88,1912.93,2205.43,1822.69,2199.08,1663.98,1406.68,1484.75,1598.72,2390.38,1403.98,1615.02,1583.95,1566.95,1550.51,1529.73,1512.13
Brazil,CAIT,Total including LUCF,All GHG,MtCO₂e,1379.38,1409.94,1413.43,1368.38,1353.14,1307.81,1540.26,1433.19,1454.36,1466.13,1420.95,2015.48,2005.24,1958.83,1945.01,1899.73,1646.96,1650.53,1641.47,1606.56,1575.86,1579.96,1559.95,1543.62,1533.44,1523.47,1496.21
Japan,CAIT,Total including LUCF,All GHG,MtCO₂e,1263.87,1266.66,1297.47,1335.18,1308.39,1261.05,1055.53,1002.88,1065.32,1144.4,1103.33,1224.8,1219.1,1231.65,1225.23,1189.35,1174.85,1159.37,1130.42,1180.48,1194.5,1182.52,1165.8,1111.29,1120.55,1105.54,1092.0
Iran,CAIT,Total including LUCF,All GHG,MtCO₂e,867.96,853.36,858.83,846.81,825.98,817.82,740.76,734.52,710.22,696.8,658.38,609.88,571.07,534.12,504.89,480.14,466.63,447.82,409.93,401.82,384.42,370.19,352.91,320.43,322.1,301.18,260.77
Germany,CAIT,Total including LUCF,All GHG,MtCO₂e,808.73,808.91,803.72,844.05,826.22,812.51,864.72,834.12,892.66,888.29,918.19,906.56,931.26,951.08,952.16,970.63,922.88,932.27,966.78,992.92,1030.96,1002.76,1009.38,1022.25,1029.96,1077.61,1107.23
Canada,CAIT,Total including LUCF,All GHG,MtCO₂e,779.27,861.77,819.39,857.34,791.74,756.74,884.34,800.9,877.95,894.32,882.12,971.7,961.05,1001.57,981.57,903.03,731.3,744.27,809.41,700.96,703.23,708.89,692.69,672.18,673.69,657.88,662.91
Mexico,CAIT,Total including LUCF,All GHG,MtCO₂e,688.38,677.89,655.74,667.84,672.08,681.94,665.54,662.87,678.72,648.26,626.78,611.1,583.84,584.26,557.0,550.63,556.17,529.75,551.2,515.25,487.16,462.6,481.89,456.02,436.36,433.27,415.48
Saudi Arabia,CAIT,Total including LUCF,All GHG,MtCO₂e,663.58,660.58,629.14,585.75,568.12,534.47,515.51,470.82,450.54,412.81,390.25,367.36,349.91,331.49,318.21,297.91,291.53,278.62,271.9,253.56,269.68,255.12,250.08,235.95,227.56,212.82,190.62
South Korea,CAIT,Total including LUCF,All GHG,MtCO₂e,657.4,646.25,624.82,635.55,636.17,631.36,598.0,545.25,531.53,517.49,508.67,505.58,510.14,486.05,478.12,485.32,477.35,419.83,381.94,446.72,420.92,392.98,360.57,333.0,302.12,277.55,252.24
Australia,CAIT,Total including LUCF,All GHG,MtCO₂e,519.09,536.33,537.95,529.26,617.86,617.79,579.14,617.92,597.42,628.77,637.39,622.46,664.4,620.39,688.48,700.99,608.16,589.37,554.16,528.17,517.13,524.11,516.03,513.0,513.32,511.08,511.2
South Africa,CAIT,Total including LUCF,All GHG,MtCO₂e,497.39,495.39,520.54,505.11,496.32,476.14,490.01,482.21,502.33,468.37,447.83,447.08,445.75,417.93,396.8,380.99,345.42,342.28,363.58,355.6,342.3,333.66,323.24,317.25,308.89,311.92,315.93
Zambia,CAIT,Total including LUCF,All GHG,MtCO₂e,493.99,472.34,440.08,467.69,454.49,431.87,459.88,412.12,470.58,452.18,482.32,565.59,488.47,474.63,453.11,402.05,412.83,371.41,411.84,405.51,444.44,478.95,481.41,483.03,484.27,484.93,485.47
Argentina,CAIT,Total including LUCF,All GHG,MtCO₂e,482.08,470.55,467.82,466.52,478.03,460.12,451.7,469.51,482.38,465.58,462.74,428.51,436.71,408.49,386.17,383.27,366.34,367.05,359.59,356.31,351.4,351.33,348.84,338.81,338.74,334.38,329.74
Nigeria,CAIT,Total including LUCF,All GHG,MtCO₂e,481.02,463.94,464.36,455.67,432.32,430.36,404.25,383.36,403.26,399.66,401.69,382.16,364.38,361.86,354.2,350.29,384.81,387.4,396.36,404.55,413.83,401.94,407.34,408.7,408.76,396.63,386.46
United Kingdom,CAIT,Total including LUCF,All GHG,MtCO₂e,461.54,484.63,500.98,541.18,559.76,538.11,581.78,568.84,624.23,645.62,661.66,664.4,670.8,677.15,668.26,687.32,679.53,679.23,705.98,710.09,732.89,711.79,721.58,731.62,748.77,771.71,758.03
Thailand,CAIT,Total including LUCF,All GHG,MtCO₂e,417.24,410.85,409.18,411.83,400.91,377.26,363.47,343.26,343.7,341.27,324.74,327.49,323.23,297.24,284.79,272.25,267.95,266.62,256.82,275.08,267.81,248.47,229.29,214.55,198.43,186.49,174.51
Pakistan,CAIT,Total including LUCF,All GHG,MtCO₂e,403.67,394.48,379.95,366.54,356.03,352.21,336.91,342.3,331.94,328.95,312.19,291.3,283.06,266.23,258.29,251.87,249.66,247.55,234.99,231.17,224.21,217.15,206.77,200.1,190.29,181.0,180.12
Turkey,CAIT,Total including LUCF,All GHG,MtCO₂e,395.95,369.1,362.31,337.45,346.17,332.18,319.51,309.8,306.3,307.7,277.83,273.39,260.87,254.51,242.67,232.39,262.94,239.0,239.06,237.83,228.75,211.0,196.41,201.23,194.72,187.29,184.84
Italy,CAIT,Total including LUCF,All GHG,MtCO₂e,369.63,373.6,362.62,381.69,412.41,427.74,437.79,429.39,475.47,488.7,495.92,507.32,506.07,495.79,477.71,469.3,472.22,467.88,461.39,450.45,446.93,449.43,425.97,431.02,434.88,438.9,441.12
Venezuela,CAIT,Total including LUCF,All GHG,MtCO₂e,350.12,351.45,355.29,367.76,346.31,319.15,307.75,278.24,282.55,259.24,249.27,366.87,345.14,363.15,342.08,370.46,336.29,325.6,339.2,337.57,331.0,326.54,318.02,315.26,308.98,304.97,303.15
Poland,CAIT,Total including LUCF,All GHG,MtCO₂e,349.76,338.94,335.05,348.12,353.51,360.53,282.52,264.55,280.38,286.63,286.66,355.74,354.02,350.13,338.06,345.71,356.57,369.99,380.74,410.46,420.69,405.91,406.38,411.1,411.55,422.36,426.63
France,CAIT,Total including LUCF,All GHG,MtCO₂e,329.6,331.3,324.66,357.6,356.76,353.48,409.04,405.18,422.46,428.16,434.96,420.5,419.89,422.77,417.55,425.19,474.74,477.77,487.9,472.39,482.0,463.07,454.24,460.13,478.19,491.9,466.55
Tanzania,CAIT,Total including LUCF,All GHG,MtCO₂e,319.46,326.64,312.67,309.43,309.61,311.67,316.03,314.79,323.92,319.93,308.54,339.34,323.08,320.23,296.71,309.86,268.84,294.33,299.43,281.67,296.55,294.35,290.43,290.23,289.74,289.72,289.59
Vietnam,CAIT,Total including LUCF,All GHG,MtCO₂e,314.27,292.39,262.64,248.86,236.85,235.37,250.6,231.32,209.21,200.3,184.61,169.51,159.72,141.59,135.42,118.01,86.21,78.26,74.98,63.8,56.03,49.5,43.29,37.67,31.01,28.51,25.64
Egypt,CAIT,Total including LUCF,All GHG,MtCO₂e,310.42,303.77,297.7,292.44,294.69,283.9,277.42,274.87,271.34,259.48,243.29,234.14,215.21,204.5,197.2,192.78,180.36,179.72,170.85,164.08,154.63,147.2,138.26,142.33,140.04,134.97,129.33
Kazakhstan,CAIT,Total including LUCF,All GHG,MtCO₂e,289.02,285.71,290.05,307.53,294.07,294.11,277.17,251.27,282.1,235.74,227.44,206.01,193.92,176.44,164.97,148.42,148.46,149.25,165.42,166.12,193.94,221.71,253.37,278.34,320.0,319.11,309.08
Spain,CAIT,Total including LUCF,All GHG,MtCO₂e,283.8,292.62,281.97,283.47,309.74,316.31,316.47,331.71,368.4,401.66,385.9,378.35,363.33,347.29,337.91,321.27,323.43,305.96,281.33,271.8,250.19,256.86,243.01,230.05,244.78,234.98,228.77
Ukraine,CAIT,Total including LUCF,All GHG,MtCO₂e,283.72,282.2,331.75,360.89,377.12,386.44,348.01,331.88,391.78,405.23,395.81,388.14,407.32,442.5,417.04,408.8,385.47,404.09,407.75,435.58,460.14,524.37,555.01,650.27,739.38,829.18,874.78
United Arab Emirates,CAIT,Total including LUCF,All GHG,MtCO₂e,259.22,252.65,239.82,237.45,226.34,214.47,208.35,201.82,199.62,174.01,162.62,156.55,147.89,139.19,131.49,127.13,112.23,111.48,107.26,102.78,94.89,89.69,83.22,76.58,73.69,75.13,68.57
Colombia,CAIT,Total including LUCF,All GHG,MtCO₂e,232.0,199.71,200.85,192.09,182.28,183.9,325.72,321.64,317.54,318.81,310.83,316.15,319.58,317.93,308.21,309.04,286.06,282.01,291.57,289.59,285.04,287.91,284.93,282.87,278.94,275.19,273.46
Democratic Republic of the Congo,CAIT,Total including LUCF,All GHG,MtCO₂e,224.84,219.87,219.16,222.97,214.34,214.68,211.76,210.77,210.05,207.94,209.12,210.96,208.26,203.89,197.73,196.3,206.76,210.71,218.27,216.15,210.18,203.57,203.61,203.32,202.91,202.49,203.64
Myanmar,CAIT,Total including LUCF,All GHG,MtCO₂e,219.53,223.91,218.73,209.6,206.69,194.24,198.11,190.42,176.87,199.42,183.7,179.78,193.58,169.85,157.1,159.98,183.03,186.26,180.75,174.34,176.69,187.24,184.23,181.71,178.99,176.39,176.97
Algeria,CAIT,Total including LUCF,All GHG,MtCO₂e,210.09,212.51,203.81,193.45,189.6,179.59,167.18,166.45,157.23,153.16,145.93,147.71,142.19,138.3,132.44,125.23,127.65,120.68,114.7,109.4,105.31,103.96,99.77,102.03,94.54,94.85,96.03
Bangladesh,CAIT,Total including LUCF,All GHG,MtCO₂e,209.58,209.03,199.6,194.46,190.02,187.09,174.16,164.16,160.83,149.92,147.64,151.84,148.32,145.52,143.71,140.36,136.2,133.78,129.47,129.32,127.08,127.09,122.08,119.61,118.34,116.54,116.29
Cameroon,CAIT,Total including LUCF,All GHG,MtCO₂e,208.38,207.5,202.93,209.02,199.18,200.93,201.39,202.26,204.68,202.37,197.7,206.73,199.66,203.04,195.31,196.88,197.56,195.88,196.64,192.84,191.9,197.08,197.04,140.54,136.41,136.4,136.7
Uzbekistan,CAIT,Total including LUCF,All GHG,MtCO₂e,194.67,196.91,205.67,203.07,213.65,210.09,215.04,220.04,246.33,242.51,240.32,220.97,222.07,225.15,227.79,222.42,217.74,204.65,197.91,186.31,191.82,189.44,199.5,221.56,189.45,199.13,193.42
Paraguay,CAIT,Total including LUCF,All GHG,MtCO₂e,194.59,193.39,192.97,193.56,189.6,187.71,171.92,169.05,166.96,170.4,166.32,111.39,109.48,112.25,112.46,110.01,102.44,107.0,103.81,103.52,102.28,106.21,104.27,104.22,103.97,104.66,107.6
Iraq,CAIT,Total including LUCF,All GHG,MtCO₂e,191.41,180.62,191.61,184.76,173.61,151.65,140.2,126.53,103.3,93.94,99.7,104.21,90.07,85.8,93.79,101.24,89.67,79.3,95.9,129.46,110.93,109.09,113.16,102.1,79.13,57.45,77.77
Ethiopia,CAIT,Total including LUCF,All GHG,MtCO₂e,188.66,178.58,172.89,177.13,166.22,150.38,164.86,160.68,157.42,144.73,144.58,132.56,138.17,136.7,141.71,122.34,111.27,117.93,116.95,106.8,104.08,107.11,105.03,102.61,107.01,104.46,102.73
Netherlands,CAIT,Total including LUCF,All GHG,MtCO₂e,186.98,186.1,177.89,185.21,185.57,188.09,200.66,190.15,195.44,197.48,197.75,204.32,210.3,208.68,208.76,209.28,207.82,209.89,222.38,222.23,230.99,220.09,214.69,214.9,209.43,210.02,204.71
Angola,CAIT,Total including LUCF,All GHG,MtCO₂e,180.12,206.03,183.48,202.25,185.5,220.88,186.78,180.68,173.97,196.18,165.86,191.8,193.16,181.04,164.5,143.58,161.84,161.94,170.05,155.98,161.39,156.89,152.56,152.37,151.62,151.27,150.59
Peru,CAIT,Total including LUCF,All GHG,MtCO₂e,168.85,165.98,163.7,160.56,159.39,158.34,155.8,149.92,146.26,144.13,137.58,115.47,110.4,106.41,106.05,103.93,105.93,105.41,101.49,101.22,99.31,96.56,91.75,89.24,88.14,87.2,88.52
Malaysia,CAIT,Total including LUCF,All GHG,MtCO₂e,161.04,163.28,179.22,147.09,128.73,128.44,252.04,243.13,240.29,229.03,202.84,374.48,360.05,334.5,325.45,306.67,279.73,269.37,292.57,262.28,252.06,244.07,236.41,229.65,226.18,218.94,210.93
Sudan,CAIT,Total including LUCF,All GHG,MtCO₂e,151.68,146.64,143.3,142.94,142.86,172.26,155.1,185.07,150.87,147.02,142.36,167.24,173.12,152.67,178.51,150.72,125.77,122.44,121.93,115.63,110.48,120.63,119.72,115.37,113.53,110.05,109.26
Bolivia,CAIT,Total including LUCF,All GHG,MtCO₂e,150.94,141.57,138.6,137.59,138.62,142.71,169.75,133.1,135.58,142.36,133.33,128.55,133.0,114.41,118.54,109.95,110.95,120.0,114.5,113.36,112.44,116.03,116.41,114.35,112.65,110.85,110.13
Philippines,CAIT,Total including LUCF,All GHG,MtCO₂e,149.41,136.85,127.64,119.61,108.25,103.17,191.37,185.25,183.14,180.03,174.34,163.38,161.91,158.17,155.07,153.27,139.74,137.86,132.22,138.35,129.82,121.1,108.91,101.09,95.56,93.41,93.44
Turkmenistan,CAIT,Total including LUCF,All GHG,MtCO₂e,126.17,126.25,120.03,114.45,109.0,101.67,92.37,86.39,94.63,94.59,89.94,89.31,88.89,84.57,77.14,73.33,70.37,67.32,60.25,58.72,57.59,60.15,58.18,54.02,56.94,70.94,80.17
Kuwait,CAIT,Total including LUCF,All GHG,MtCO₂e,111.99,111.22,100.02,103.6,92.22,91.89,89.04,90.03,82.87,77.97,78.24,77.59,66.58,63.46,61.06,58.02,54.09,50.3,45.87,39.54,37.96,38.52,38.08,33.13,26.55,38.99,32.28
Czech Republic,CAIT,Total including LUCF,All GHG,MtCO₂e,111.77,109.9,108.04,110.74,116.05,119.39,127.69,124.47,132.2,137.19,134.24,127.75,130.77,130.25,125.87,131.52,131.52,120.92,129.06,135.63,138.12,136.55,136.55,143.84,148.57,152.98,169.71
Belgium,CAIT,Total including LUCF,All GHG,MtCO₂e,107.35,108.55,103.62,109.67,108.86,109.55,121.56,114.36,121.29,119.45,123.68,125.9,129.95,131.3,127.83,135.09,134.84,134.26,138.18,135.57,138.9,133.46,133.38,127.92,129.88,131.76,126.7
Chad,CAIT,Total including LUCF,All GHG,MtCO₂e,101.97,96.87,56.72,57.21,57.97,57.23,56.89,55.4,57.15,57.57,56.93,39.53,37.44,36.17,34.25,30.42,34.72,35.39,34.44,30.66,29.0,26.4,25.99,25.77,25.45,25.19,25.0
Ecuador,CAIT,Total including LUCF,All GHG,MtCO₂e,98.59,100.16,102.3,100.38,98.18,96.71,96.21,92.53,89.28,88.4,87.94,85.79,84.29,80.34,80.24,79.56,84.48,84.09,88.1,89.14,87.12,83.8,80.67,79.02,79.28,77.03,76.17
Afghanistan,CAIT,Total including LUCF,All GHG,MtCO₂e,96.59,93.54,86.6,76.29,67.05,58.62,44.75,37.72,31.39,24.78,20.74,17.09,16.35,16.78,16.1,13.47,15.05,16.89,16.05,15.3,14.4,13.45,13.24,13.43,13.6,15.06,15.14
Qatar,CAIT,Total including LUCF,All GHG,MtCO₂e,92.26,90.8,89.19,83.14,80.91,73.31,69.34,63.38,60.64,56.38,49.08,44.84,35.59,32.07,30.54,26.19,24.27,25.41,23.11,21.71,20.02,19.07,18.27,17.37,16.47,16.21,14.04
Israel,CAIT,Total including LUCF,All GHG,MtCO₂e,90.08,89.99,87.61,88.91,96.69,89.5,89.28,83.92,84.31,83.65,80.41,76.03,77.39,76.27,75.49,73.41,73.68,68.84,66.64,65.24,62.31,59.19,55.39,51.96,48.0,45.14,44.07
Morocco,CAIT,Total including LUCF,All GHG,MtCO₂e,88.05,88.35,85.57,83.77,82.94,80.75,77.76,74.0,73.38,70.35,69.13,56.32,53.46,48.93,48.59,46.84,43.72,42.57,40.33,39.49,37.5,36.85,36.2,33.04,33.37,32.27,30.92
Libya,CAIT,Total including LUCF,All GHG,MtCO₂e,87.45,81.73,99.39,109.05,117.76,115.14,145.73,141.43,138.24,132.36,134.57,133.5,127.31,123.41,120.13,115.41,111.36,109.47,111.07,109.55,109.84,107.61,105.66,100.47,99.76,102.74,105.27
Greece,CAIT,Total including LUCF,All GHG,MtCO₂e,86.36,87.32,89.11,92.29,99.91,105.11,107.44,114.19,121.42,125.14,121.59,123.28,121.21,121.38,118.13,117.94,117.2,111.5,110.62,106.41,105.29,104.28,99.84,97.21,96.85,94.78,94.72
Uganda,CAIT,Total including LUCF,All GHG,MtCO₂e,81.07,79.88,76.93,75.47,73.75,71.5,69.81,67.59,66.19,57.82,56.91,54.78,51.58,50.82,47.39,44.15,45.46,45.31,45.94,43.49,42.51,42.31,41.54,41.78,41.34,41.02,40.47
Belarus,CAIT,Total including LUCF,All GHG,MtCO₂e,80.7,84.2,88.04,87.04,88.33,84.51,61.38,57.12,59.68,55.54,58.37,62.51,61.44,60.28,64.65,58.02,66.68,69.41,71.73,73.67,73.34,73.84,81.86,94.95,107.74,120.89,126.04
Mozambique,CAIT,Total including LUCF,All GHG,MtCO₂e,76.12,75.55,75.07,73.23,70.54,69.02,63.05,60.31,62.84,61.08,58.95,67.14,64.71,66.56,67.81,74.58,55.3,57.65,58.94,56.18,58.46,61.16,60.99,61.02,60.61,60.25,60.29
Oman,CAIT,Total including LUCF,All GHG,MtCO₂e,75.98,76.16,71.74,68.0,65.03,58.5,52.26,48.17,44.89,46.11,42.37,32.5,32.08,32.25,31.52,29.85,27.07,24.86,21.53,21.29,19.66,19.33,17.37,17.49,18.17,19.15,14.82
Central African Republic,CAIT,Total including LUCF,All GHG,MtCO₂e,75.73,70.83,67.55,67.21,63.84,66.46,62.1,58.07,64.73,61.96,60.35,61.91,59.65,64.8,57.13,60.88,66.26,64.66,68.0,62.47,58.78,57.58,57.02,54.07,53.58,53.09,52.32
Azerbaijan,CAIT,Total including LUCF,All GHG,MtCO₂e,73.98,73.87,75.23,74.98,75.3,74.01,71.51,67.23,66.32,58.76,60.1,63.56,59.58,58.28,60.6,59.66,59.13,57.06,56.76,55.91,55.82,60.46,62.5,69.05,60.83,84.61,75.56
Austria,CAIT,Total including LUCF,All GHG,MtCO₂e,71.85,71.49,70.16,73.79,73.2,75.85,78.38,72.87,80.16,80.37,82.82,82.42,82.53,82.93,77.0,75.32,66.22,65.98,67.88,67.91,68.92,65.12,62.71,62.63,62.72,68.45,64.22
Botswana,CAIT,Total including LUCF,All GHG,MtCO₂e,69.99,131.85,34.32,66.34,34.18,47.86,37.59,28.28,46.18,83.79,41.57,79.24,30.24,89.41,148.32,55.53,68.3,80.52,95.98,86.61,75.64,61.79,60.87,60.53,60.89,60.59,61.18
Portugal,CAIT,Total including LUCF,All GHG,MtCO₂e,69.39,69.23,64.92,65.53,67.19,68.84,68.18,73.27,73.99,76.27,77.73,89.7,85.63,84.38,88.77,83.94,80.34,80.82,74.08,68.91,66.64,68.26,64.51,62.61,63.65,59.67,57.96
Mongolia,CAIT,Total including LUCF,All GHG,MtCO₂e,67.6,68.86,63.5,61.5,60.47,56.18,51.17,55.36,59.18,59.73,57.51,46.54,44.67,43.79,48.19,46.95,54.73,50.74,50.79,56.55,49.49,50.15,49.27,51.01,52.23,54.4,52.1
Zimbabwe,CAIT,Total including LUCF,All GHG,MtCO₂e,65.98,67.49,66.1,67.55,67.63,67.42,66.54,63.54,62.88,64.45,63.96,65.05,64.87,64.68,67.45,71.44,69.59,72.4,70.08,68.81,69.66,68.28,68.38,68.7,72.2,71.35,71.05
Ireland,CAIT,Total including LUCF,All GHG,MtCO₂e,65.58,63.31,61.26,61.08,62.0,60.6,58.34,59.26,64.68,65.77,67.37,71.82,70.62,71.4,71.09,71.84,69.07,66.09,64.54,61.15,59.66,58.07,57.31,55.79,55.1,54.89,54.34
North Korea,CAIT,Total including LUCF,All GHG,MtCO₂e,65.55,62.72,69.35,64.9,75.52,74.22,88.01,91.46,107.72,99.43,111.91,107.67,105.42,103.16,101.83,105.88,102.96,99.6,95.48,104.17,111.72,123.77,132.84,144.32,153.89,168.02,175.49
Cambodia,CAIT,Total including LUCF,All GHG,MtCO₂e,65.43,62.12,57.86,58.65,56.29,57.23,54.68,54.2,53.29,53.29,51.61,59.06,58.51,56.57,54.21,52.65,49.7,51.32,51.81,48.25,46.96,49.88,47.68,48.76,47.83,47.18,47.37
Papua New Guinea,CAIT,Total including LUCF,All GHG,MtCO₂e,63.85,135.19,74.88,64.25,60.4,58.45,66.91,58.84,63.43,58.68,72.85,60.85,103.64,64.56,75.99,53.14,56.23,56.39,57.01,171.22,54.4,68.17,67.26,66.04,65.07,64.04,63.12
Singapore,CAIT,Total including LUCF,All GHG,MtCO₂e,63.25,61.42,62.22,62.28,61.1,61.31,58.16,53.89,52.82,52.66,51.4,50.8,52.49,51.12,54.18,55.12,55.26,50.64,49.75,50.76,50.6,49.2,47.85,44.3,37.36,34.8,31.62
Finland,CAIT,Total including LUCF,All GHG,MtCO₂e,63.16,60.15,63.37,67.44,66.87,72.7,54.75,46.69,50.29,58.39,60.38,53.06,65.3,69.28,61.06,58.68,44.09,45.65,46.57,50.3,52.28,45.77,49.81,43.18,41.93,45.07,45.1
New Zealand,CAIT,Total including LUCF,All GHG,MtCO₂e,63.13,64.25,64.78,64.0,64.46,62.41,62.17,62.32,65.1,65.13,66.43,67.62,66.16,67.31,64.82,63.55,53.86,53.65,51.38,52.94,50.59,50.13,48.74,47.02,47.96,47.13,47.7
Serbia,CAIT,Total including LUCF,All GHG,MtCO₂e,62.86,61.68,55.3,63.05,62.37,67.39,-0.5,-0.44,1.61,3.56,4.08,61.68,69.3,63.91,60.95,57.65,55.56,53.6,70.94,71.22,66.44,58.88,52.35,56.01,61.8,67.06,77.36
Hungary,CAIT,Total including LUCF,All GHG,MtCO₂e,61.28,60.53,57.69,57.16,59.71,63.48,62.94,63.05,69.01,70.43,72.57,75.39,76.42,77.62,74.68,76.65,72.66,75.45,74.68,74.82,76.45,74.24,75.98,76.37,75.74,85.78,90.79
Nepal,CAIT,Total including LUCF,All GHG,MtCO₂e,61.25,47.23,51.28,48.59,48.14,43.78,43.66,42.97,39.49,36.47,36.41,63.97,62.3,63.11,59.42,60.97,64.27,63.93,61.9,60.65,59.75,61.24,59.93,59.09,58.1,58.25,57.89
Madagascar,CAIT,Total including LUCF,All GHG,MtCO₂e,58.85,57.44,57.28,60.22,55.63,59.6,71.76,72.07,64.34,69.66,65.72,61.05,55.36,55.05,50.71,60.19,68.34,70.99,71.84,69.72,70.93,72.82,72.61,72.62,72.17,71.88,71.76
Honduras,CAIT,Total including LUCF,All GHG,MtCO₂e,51.48,50.3,50.51,50.23,48.38,50.26,47.33,47.67,47.36,47.48,45.7,49.28,45.79,48.8,43.32,42.83,54.23,53.8,54.76,54.25,53.93,55.29,54.47,53.76,53.97,53.64,53.49
Ghana,CAIT,Total including LUCF,All GHG,MtCO₂e,51.04,50.89,48.02,47.72,44.7,42.29,23.16,21.01,19.22,19.82,19.08,63.07,60.03,61.18,61.1,59.88,41.76,40.97,41.94,38.32,36.94,36.91,36.31,35.86,35.4,34.68,34.35
Republic of Congo,CAIT,Total including LUCF,All GHG,MtCO₂e,49.77,47.89,32.2,50.94,49.22,51.94,43.12,35.64,37.9,43.36,47.72,51.25,40.17,35.8,22.97,26.53,19.77,20.61,20.66,20.95,20.12,40.1,39.97,40.18,40.2,40.32,38.04
Kenya,CAIT,Total including LUCF,All GHG,MtCO₂e,47.77,42.74,39.64,36.84,38.64,36.77,34.04,33.32,33.6,31.14,15.1,-3.12,-3.73,-6.03,-7.25,-8.23,98.34,99.71,97.35,96.01,95.76,96.42,96.13,95.86,96.01,96.04,97.27
Mali,CAIT,Total including LUCF,All GHG,MtCO₂e,47.47,43.4,40.66,39.91,38.81,38.17,38.01,35.02,36.17,34.14,34.11,33.44,33.88,30.58,30.9,30.37,31.07,32.44,31.17,26.72,25.74,24.06,23.71,23.45,23.23,23.18,23.22
Laos,CAIT,Total including LUCF,All GHG,MtCO₂e,47.28,43.22,33.82,35.2,33.2,28.96,40.68,30.26,27.62,39.25,28.37,31.98,39.98,28.46,27.95,25.25,18.4,19.02,20.18,18.47,18.76,22.74,22.71,22.41,22.47,22.24,22.39
Bahrain,CAIT,Total including LUCF,All GHG,MtCO₂e,47.07,46.97,45.9,43.76,40.88,39.68,38.96,37.03,36.41,34.06,32.93,30.49,27.38,27.06,26.02,24.89,23.98,22.86,22.15,20.28,19.35,18.0,17.14,16.69,15.8,13.77,14.08
Switzerland,CAIT,Total including LUCF,All GHG,MtCO₂e,46.72,46.16,47.0,50.79,49.76,48.42,50.77,49.15,50.63,49.09,50.96,53.11,52.39,51.99,50.8,52.46,50.55,51.31,51.17,49.63,51.11,50.58,49.62,50.43,52.94,53.0,50.77
Denmark,CAIT,Total including LUCF,All GHG,MtCO₂e,46.66,45.05,47.33,51.59,50.07,55.45,62.23,61.73,64.62,68.03,72.86,65.83,69.64,76.09,70.31,70.86,68.49,72.75,75.6,79.63,89.25,75.83,78.89,75.21,72.62,78.84,68.23
Sweden,CAIT,Total including LUCF,All GHG,MtCO₂e,46.23,45.46,46.04,45.92,47.69,51.18,55.23,49.44,52.48,54.58,56.73,12.27,15.6,17.03,16.0,14.74,46.96,51.23,52.6,51.84,58.06,52.49,53.01,51.16,51.26,48.66,48.04
Guinea,CAIT,Total including LUCF,All GHG,MtCO₂e,45.6,42.79,41.76,40.21,40.2,39.61,37.1,35.47,33.67,36.75,35.61,34.29,34.36,32.47,30.41,29.36,27.72,27.4,27.6,26.05,25.82,28.75,28.33,27.81,27.45,27.11,26.79
Syria,CAIT,Total including LUCF,All GHG,MtCO₂e,45.38,45.15,49.79,57.3,71.31,86.74,93.1,93.91,98.98,97.96,94.68,91.42,80.27,77.9,77.58,76.97,76.45,76.5,77.46,74.2,73.73,70.52,66.39,63.01,62.51,61.36,56.95
Bulgaria,CAIT,Total including LUCF,All GHG,MtCO₂e,44.07,47.26,44.78,42.31,47.34,53.1,47.27,45.61,53.01,55.52,51.14,47.22,47.14,48.42,43.61,46.64,46.38,46.68,53.35,57.14,60.25,59.67,58.48,62.34,63.91,68.96,89.99
Guatemala,CAIT,Total including LUCF,All GHG,MtCO₂e,43.79,41.8,38.09,37.79,35.91,35.34,43.21,44.02,41.76,44.36,41.33,43.82,39.11,44.04,38.95,37.09,37.86,35.33,36.61,32.78,32.3,32.9,31.74,31.41,30.65,29.39,28.93
Niger,CAIT,Total including LUCF,All GHG,MtCO₂e,42.71,41.09,39.29,37.04,35.23,32.74,32.43,31.02,29.52,28.31,27.04,26.06,25.2,24.23,23.43,22.51,27.29,26.72,26.08,25.09,24.5,23.48,22.77,22.2,21.47,20.9,20.37
Somalia,CAIT,Total including LUCF,All GHG,MtCO₂e,40.25,40.62,40.21,40.1,39.95,39.61,41.65,41.41,41.33,41.27,42.35,45.78,45.3,44.97,44.7,44.24,41.83,41.63,41.53,41.66,41.24,40.76,40.08,38.12,36.12,38.05,40.92
Tunisia,CAIT,Total including LUCF,All GHG,MtCO₂e,39.41,40.0,39.36,36.93,37.03,35.91,37.77,35.09,34.62,34.49,33.76,32.91,32.25,31.37,31.06,30.79,29.77,28.24,26.79,25.38,24.74,23.18,22.55,22.55,21.0,20.2,19.2
Burkina Faso,CAIT,Total including LUCF,All GHG,MtCO₂e,38.63,37.28,36.11,35.94,34.92,34.31,36.19,35.02,34.02,33.5,32.5,30.74,30.02,29.1,26.52,25.19,28.77,27.42,27.51,26.72,26.18,24.72,24.37,23.88,23.64,23.34,22.86
Guyana,CAIT,Total including LUCF,All GHG,MtCO₂e,37.42,46.98,35.38,26.85,29.19,24.25,34.41,21.96,19.92,17.36,17.82,25.18,15.87,46.73,17.76,16.25,12.31,12.87,17.63,13.99,14.04,23.34,23.03,22.72,22.59,22.6,22.37
Sri Lanka,CAIT,Total including LUCF,All GHG,MtCO₂e,37.32,36.51,33.48,30.54,32.89,31.41,27.86,26.64,27.45,27.15,26.23,30.34,28.32,28.1,26.93,25.89,24.81,25.73,26.49,29.08,31.18,31.52,31.32,30.38,29.93,28.08,28.17
Jordan,CAIT,Total including LUCF,All GHG,MtCO₂e,35.72,35.02,34.66,32.38,32.11,28.59,27.44,27.6,26.95,27.28,25.72,24.88,23.44,21.48,21.77,20.08,19.85,20.36,21.3,22.09,22.6,23.34,23.73,22.66,21.86,19.13,18.7
Senegal,CAIT,Total including LUCF,All GHG,MtCO₂e,34.99,32.77,32.27,31.33,30.1,30.98,31.39,29.78,30.06,28.44,29.04,28.64,27.65,25.63,27.46,28.11,28.74,28.76,26.47,25.23,24.64,23.24,22.83,22.47,22.07,21.52,21.12
Slovakia,CAIT,Total including LUCF,All GHG,MtCO₂e,33.53,32.63,32.27,34.91,34.3,36.61,36.77,35.14,38.77,38.92,39.92,37.62,36.69,37.34,37.06,37.65,36.31,38.85,40.36,41.57,41.75,41.66,41.11,43.81,46.49,48.99,57.05
Lebanon,CAIT,Total including LUCF,All GHG,MtCO₂e,31.39,30.65,30.16,28.24,28.27,25.66,24.92,25.85,21.94,17.95,19.22,20.65,21.19,20.69,19.96,20.04,18.73,19.93,18.93,18.53,16.36,15.34,13.09,12.12,8.77,8.67,7.2
Côte d'Ivoire,CAIT,Total including LUCF,All GHG,MtCO₂e,31.17,28.71,27.34,27.57,26.76,25.05,26.13,27.68,29.44,30.82,31.31,18.55,17.87,20.25,23.05,24.2,28.2,29.07,27.79,27.79,26.97,27.71,27.93,22.14,16.43,10.82,5.08
Dominican Republic,CAIT,Total including LUCF,All GHG,MtCO₂e,28.9,27.77,25.44,25.25,25.41,24.58,24.28,22.87,23.41,23.16,21.81,20.3,19.02,19.71,22.05,19.64,17.53,16.75,16.11,14.21,12.51,11.61,11.12,9.14,8.56,7.08,5.92
Bosnia and Herzegovina,CAIT,Total including LUCF,All GHG,MtCO₂e,27.25,24.65,24.46,27.09,27.45,29.33,26.03,26.01,25.8,24.04,22.81,20.93,20.28,19.52,18.64,18.57,10.89,7.2,7.05,4.21,-0.66,-1.71,-1.6,8.64,12.13,19.63,22.24
Cuba,CAIT,Total including LUCF,All GHG,MtCO₂e,27.24,30.73,30.59,30.92,32.26,32.18,84.88,81.85,80.45,80.96,79.94,8.76,8.4,8.85,9.61,10.99,9.88,9.6,9.3,9.78,7.33,4.25,2.48,1.17,4.96,10.97,19.78
Panama,CAIT,Total including LUCF,All GHG,MtCO₂e,26.94,27.6,27.03,26.61,26.32,25.36,24.28,23.5,21.8,21.69,21.92,22.02,20.55,20.73,20.15,20.65,18.82,18.67,19.55,18.47,18.56,18.83,18.62,18.25,18.0,17.36,16.89
Uruguay,CAIT,Total including LUCF,All GHG,MtCO₂e,26.58,26.26,26.47,27.01,27.84,27.13,16.69,19.42,19.64,17.01,18.08,21.57,21.22,19.34,18.37,18.04,6.72,8.62,7.55,8.06,8.35,7.09,6.86,6.95,6.43,4.82,3.23
Benin,CAIT,Total including LUCF,All GHG,MtCO₂e,26.53,25.42,24.57,24.07,23.62,23.68,23.48,22.85,22.04,22.49,21.4,20.92,19.45,19.55,19.7,18.46,23.31,23.07,23.32,22.25,21.92,20.44,20.59,20.31,20.19,20.08,19.99
Trinidad and Tobago,CAIT,Total including LUCF,All GHG,MtCO₂e,25.93,26.26,27.48,27.69,26.46,26.55,27.31,25.0,26.25,26.69,24.75,22.25,18.15,17.57,18.75,17.86,16.65,16.02,15.82,15.38,14.85,14.62,14.45,13.88,13.34,14.35,15.44
Norway,CAIT,Total including LUCF,All GHG,MtCO₂e,23.81,24.31,24.05,24.15,24.99,25.84,26.53,23.8,24.45,25.83,25.3,26.27,27.53,27.05,25.06,25.6,31.94,37.29,35.4,33.76,32.2,31.29,31.96,30.4,28.62,28.08,30.63
Yemen,CAIT,Total including LUCF,All GHG,MtCO₂e,23.57,25.76,38.8,38.3,31.45,32.39,35.62,37.0,33.1,31.41,29.68,29.29,28.19,26.94,24.06,23.82,22.2,21.07,19.28,17.86,16.51,15.78,14.34,13.93,14.8,13.97,12.38
Equatorial Guinea,CAIT,Total including LUCF,All GHG,MtCO₂e,23.22,25.16,24.86,25.38,26.17,26.37,26.97,27.42,27.1,27.68,28.09,27.71,26.59,23.92,20.05,17.63,15.38,13.78,11.89,10.5,8.76,6.78,6.63,6.65,5.72,5.66,5.53
Malawi,CAIT,Total including LUCF,All GHG,MtCO₂e,21.2,20.64,19.96,18.77,18.08,17.14,19.46,18.03,18.32,17.66,17.3,18.75,17.76,18.1,17.18,17.87,16.35,15.7,15.88,15.55,15.49,14.91,14.47,15.74,16.48,17.36,18.08
Nicaragua,CAIT,Total including LUCF,All GHG,MtCO₂e,20.64,19.5,19.25,18.04,16.98,16.97,44.85,44.01,44.15,43.95,43.81,44.69,42.9,44.6,42.4,41.98,41.82,41.3,40.77,39.78,38.94,39.35,39.98,39.67,38.97,38.06,39.4
Namibia,CAIT,Total including LUCF,All GHG,MtCO₂e,20.41,20.6,20.29,20.93,27.41,25.99,21.57,22.48,19.21,21.05,22.2,20.49,18.95,18.29,18.09,19.82,20.38,19.07,19.05,18.06,18.25,18.15,18.07,17.8,17.84,17.89,16.6
Estonia,CAIT,Total including LUCF,All GHG,MtCO₂e,20.38,19.18,21.66,23.04,20.63,21.77,19.5,15.47,18.9,20.35,16.6,23.19,23.08,23.01,21.33,21.37,13.55,13.98,15.21,15.74,16.16,15.32,17.11,17.95,23.79,31.43,35.16
Croatia,CAIT,Total including LUCF,All GHG,MtCO₂e,18.94,18.85,18.26,19.0,20.1,22.13,16.54,17.18,19.73,20.59,19.02,16.22,16.35,16.6,15.54,14.55,13.76,14.67,15.03,14.73,13.25,13.9,12.6,12.5,11.59,10.56,17.07
Lithuania,CAIT,Total including LUCF,All GHG,MtCO₂e,17.71,17.7,17.42,17.89,18.72,18.27,19.28,18.26,21.78,22.1,21.32,22.95,22.23,21.26,20.86,21.14,20.26,22.0,24.71,23.86,24.02,23.22,24.82,26.9,32.76,47.58,45.82
Georgia,CAIT,Total including LUCF,All GHG,MtCO₂e,17.23,16.88,16.5,15.54,15.25,14.42,9.49,9.75,9.03,9.92,9.1,8.79,8.12,8.01,7.46,8.14,9.95,9.63,9.9,10.42,11.09,12.72,16.2,23.57,29.84,37.82,47.97
Brunei,CAIT,Total including LUCF,All GHG,MtCO₂e,16.8,16.58,17.4,17.49,17.69,17.6,19.09,20.08,20.33,20.42,21.3,19.43,19.42,19.79,18.75,18.62,18.67,18.12,22.38,18.64,17.72,17.06,16.52,16.18,15.75,15.41,15.83
Kyrgyzstan,CAIT,Total including LUCF,All GHG,MtCO₂e,16.0,16.47,15.57,15.26,15.6,12.99,26.74,27.09,27.47,26.35,25.08,8.09,8.41,8.29,7.58,6.7,7.31,7.28,8.62,8.43,8.51,7.63,10.31,15.46,20.31,27.84,30.16
Togo,CAIT,Total including LUCF,All GHG,MtCO₂e,15.37,15.3,14.26,14.31,14.05,14.61,14.02,14.29,12.72,12.49,12.66,13.48,12.44,12.68,12.24,11.71,11.89,12.35,11.86,10.95,11.08,10.64,10.59,10.33,10.41,10.68,10.9
Sierra Leone,CAIT,Total including LUCF,All GHG,MtCO₂e,13.59,16.04,14.77,13.0,14.01,11.78,11.19,12.95,11.12,12.41,15.1,11.09,13.05,11.86,9.6,9.44,8.86,8.89,9.12,9.03,9.01,10.82,11.04,11.06,10.98,11.06,11.03
El Salvador,CAIT,Total including LUCF,All GHG,MtCO₂e,13.48,13.38,12.7,12.43,13.2,13.02,13.22,13.5,13.8,14.45,13.84,13.54,13.02,12.93,12.56,12.37,11.66,11.8,11.58,11.53,10.7,10.79,10.53,9.89,9.33,8.91,8.04
Tajikistan,CAIT,Total including LUCF,All GHG,MtCO₂e,13.32,12.53,11.97,10.53,10.13,9.32,9.03,8.99,9.31,9.0,8.27,7.73,7.66,6.96,6.73,6.74,6.84,7.14,7.69,7.72,7.45,8.14,8.66,11.14,14.01,17.04,17.86
Moldova,CAIT,Total including LUCF,All GHG,MtCO₂e,11.84,11.66,11.05,10.47,11.32,11.54,11.57,10.86,11.48,11.73,11.45,11.77,11.5,11.54,10.94,10.73,10.14,10.98,12.35,13.83,15.54,17.33,19.39,22.45,25.8,31.01,37.06
Mauritania,CAIT,Total including LUCF,All GHG,MtCO₂e,11.4,11.03,10.44,10.31,10.09,9.63,11.54,11.01,10.25,10.73,10.57,10.83,10.64,10.62,10.49,10.56,10.25,9.83,9.36,9.02,8.73,8.25,8.14,8.22,8.01,8.13,7.89
Slovenia,CAIT,Total including LUCF,All GHG,MtCO₂e,10.99,10.14,10.12,11.6,12.31,12.86,11.26,11.0,13.0,12.05,12.08,9.17,8.98,8.83,8.84,8.77,11.42,11.62,12.36,12.69,12.23,11.41,10.48,10.46,9.67,9.94,10.98
Liberia,CAIT,Total including LUCF,All GHG,MtCO₂e,10.54,15.11,11.03,8.86,8.56,7.63,20.42,24.76,19.81,19.78,20.12,19.17,19.23,19.25,18.62,18.55,18.41,18.26,18.14,17.95,17.8,18.63,18.77,18.93,19.09,19.24,19.62
Macedonia,CAIT,Total including LUCF,All GHG,MtCO₂e,10.39,10.52,10.78,11.29,12.17,12.66,11.73,11.91,12.59,12.83,12.36,13.56,13.16,13.38,12.48,13.15,11.09,11.42,12.35,11.55,12.74,11.17,11.59,11.95,11.96,12.6,13.26
Haiti,CAIT,Total including LUCF,All GHG,MtCO₂e,10.04,9.82,9.36,8.73,8.56,8.53,8.49,8.52,8.54,8.5,8.12,8.09,7.93,7.61,7.66,7.41,7.17,6.77,6.62,6.52,6.11,5.79,5.01,5.55,5.84,5.44,5.18
Luxembourg,CAIT,Total including LUCF,All GHG,MtCO₂e,9.77,10.05,10.57,11.07,11.57,11.82,11.91,11.4,11.92,12.03,12.62,12.83,12.56,11.1,10.77,9.97,8.7,8.75,8.29,8.99,9.49,9.39,11.54,12.39,12.18,12.47,11.98
Jamaica,CAIT,Total including LUCF,All GHG,MtCO₂e,9.6,9.34,9.43,9.64,9.2,9.36,9.01,9.73,11.58,14.03,14.09,12.73,12.79,12.86,12.47,12.32,12.22,12.04,11.84,11.3,11.15,10.81,10.55,10.48,10.28,9.47,9.45
Armenia,CAIT,Total including LUCF,All GHG,MtCO₂e,9.46,8.73,9.11,9.13,9.18,8.26,7.83,8.05,9.14,8.57,7.95,7.43,6.78,6.37,5.92,6.3,6.13,5.75,6.34,6.41,5.68,6.8,6.23,8.68,14.85,25.08,24.39
Albania,CAIT,Total including LUCF,All GHG,MtCO₂e,9.19,9.3,9.51,9.01,8.95,9.29,8.85,8.64,8.53,9.06,8.75,9.92,10.15,10.09,9.72,9.03,8.4,7.96,6.81,6.51,7.28,7.48,7.73,6.95,6.95,9.03,11.43
Cyprus,CAIT,Total including LUCF,All GHG,MtCO₂e,8.26,7.84,7.8,7.37,8.05,8.58,8.79,9.05,9.26,9.02,8.71,8.84,8.74,8.78,8.09,7.92,8.03,7.8,7.48,7.2,7.04,6.65,6.77,6.52,6.24,5.83,5.36
Eritrea,CAIT,Total including LUCF,All GHG,MtCO₂e,7.96,7.89,8.02,8.14,8.17,8.29,8.1,8.17,7.92,7.91,7.47,7.67,7.83,7.92,7.94,8.12,9.11,9.01,8.89,8.88,8.45,7.92,7.28,6.55,6.56,5.56,5.03
Burundi,CAIT,Total including LUCF,All GHG,MtCO₂e,7.74,7.35,7.6,7.87,7.24,7.41,3.92,3.81,3.44,2.69,3.14,8.86,9.59,10.38,10.17,9.2,12.24,12.1,12.42,12.18,12.01,12.63,12.55,12.61,12.58,12.54,12.45
Rwanda,CAIT,Total including LUCF,All GHG,MtCO₂e,7.59,7.89,5.25,6.42,5.28,5.41,4.44,3.92,4.73,3.17,4.05,-4.54,-5.12,-3.78,-5.71,-5.75,12.73,12.84,12.75,12.63,12.38,12.88,13.13,13.25,13.33,13.4,13.42
Suriname,CAIT,Total including LUCF,All GHG,MtCO₂e,7.34,9.31,7.89,7.83,7.42,7.2,6.93,7.7,6.87,5.63,6.41,6.12,8.62,9.97,6.5,5.44,5.33,6.16,7.02,6.51,6.37,7.43,7.38,7.35,7.43,7.32,6.97
Mauritius,CAIT,Total including LUCF,All GHG,MtCO₂e,6.48,6.39,6.36,6.09,5.95,5.77,5.81,5.47,5.53,5.4,5.25,5.05,4.85,4.74,4.59,4.62,4.24,3.84,3.31,3.0,2.9,2.79,2.67,2.64,2.43,2.4,2.29
Belize,CAIT,Total including LUCF,All GHG,MtCO₂e,4.86,5.21,3.58,7.64,3.31,7.19,9.29,7.13,8.36,9.8,7.52,9.28,6.88,10.17,9.57,7.13,5.58,6.61,7.79,8.53,9.75,12.67,13.76,13.64,13.52,13.37,13.21
Costa Rica,CAIT,Total including LUCF,All GHG,MtCO₂e,4.63,3.47,3.65,3.62,2.97,2.93,6.19,5.97,6.38,6.24,4.83,4.46,3.91,4.96,3.54,3.56,17.04,17.22,17.41,16.62,16.55,16.63,17.05,16.7,16.7,15.59,15.28
Barbados,CAIT,Total including LUCF,All GHG,MtCO₂e,4.35,4.26,3.75,3.93,3.93,3.93,3.95,4.04,4.04,3.77,3.76,3.67,3.62,3.58,3.54,3.55,3.51,3.52,3.44,3.19,3.14,3.1,3.01,3.34,3.16,3.35,3.18
Guinea-Bissau,CAIT,Total including LUCF,All GHG,MtCO₂e,4.21,4.28,4.02,4.0,4.11,3.91,3.98,3.85,3.64,3.75,3.71,4.25,4.3,4.41,4.46,4.8,3.46,3.75,3.39,3.17,3.13,3.31,3.27,3.25,3.22,3.18,3.17
Bahamas,CAIT,Total including LUCF,All GHG,MtCO₂e,3.97,3.76,3.19,3.75,2.71,2.77,6.93,6.95,6.86,6.95,6.94,1.19,1.25,0.83,0.95,0.89,0.59,0.57,0.58,0.24,0.54,0.55,0.55,0.56,0.65,0.64,0.81
Chile,CAIT,Total including LUCF,All GHG,MtCO₂e,3.74,0.57,-5.68,0.28,-2.62,-4.72,86.46,81.79,84.53,79.86,71.46,70.88,70.0,64.63,63.71,62.76,59.24,62.94,60.17,58.93,51.63,45.51,41.93,38.44,36.99,34.64,35.56
Lesotho,CAIT,Total including LUCF,All GHG,MtCO₂e,3.67,3.69,5.34,5.23,5.2,5.02,4.99,4.83,4.62,4.54,4.34,4.26,4.06,4.09,4.0,4.19,4.17,4.21,3.7,3.68,3.66,3.62,3.65,3.64,3.62,3.4,3.34
Montenegro,CAIT,Total including LUCF,All GHG,MtCO₂e,3.42,3.74,3.57,3.72,3.85,4.12,-12.7,-13.51,-12.39,-12.82,-12.66,2.87,1.1,1.25,1.24,1.24,1.3,1.35,1.37,1.36,1.34,1.32,1.25,1.24,1.23,1.35,1.36
Eswatini,CAIT,Total including LUCF,All GHG,MtCO₂e,3.24,3.2,3.36,3.23,3.34,3.14,3.13,3.05,3.29,3.38,3.06,3.17,3.17,3.17,3.15,3.11,3.28,3.32,3.37,3.27,2.42,2.4,2.38,2.02,2.32,2.33,2.38
Iceland,CAIT,Total including LUCF,All GHG,MtCO₂e,3.19,3.23,3.09,3.04,2.95,2.95,3.18,3.37,3.67,3.78,4.03,3.31,3.41,3.32,3.33,3.28,3.47,3.44,3.42,3.27,3.27,3.07,3.14,2.97,3.06,3.29,3.38
Solomon Islands,CAIT,Total including LUCF,All GHG,MtCO₂e,2.73,2.7,2.66,2.64,2.62,2.6,2.22,2.21,2.19,2.17,2.15,2.21,2.2,2.19,2.18,2.17,2.16,2.15,2.13,2.12,2.11,2.11,2.1,2.1,2.09,2.09,2.08
Gambia,CAIT,Total including LUCF,All GHG,MtCO₂e,2.4,2.36,2.24,2.09,2.02,1.92,2.16,1.97,1.64,1.47,1.43,1.29,1.44,1.54,1.74,2.04,2.33,2.65,2.71,2.98,3.31,3.42,3.89,4.35,4.23,4.11,3.95
Grenada,CAIT,Total including LUCF,All GHG,MtCO₂e,2.32,2.3,2.25,2.3,2.26,2.23,2.05,2.04,2.03,2.0,1.98,2.48,2.46,2.46,2.44,2.42,2.05,2.04,2.01,1.99,1.96,1.94,1.92,1.89,1.87,1.85,1.84
Djibouti,CAIT,Total including LUCF,All GHG,MtCO₂e,2.08,2.06,1.65,1.55,1.47,1.42,1.46,1.4,1.43,1.39,1.33,1.34,1.33,1.33,1.31,1.27,1.24,1.2,1.16,1.15,1.12,1.07,1.02,1.01,0.99,0.98,0.99
Maldives,CAIT,Total including LUCF,All GHG,MtCO₂e,2.02,1.94,1.63,1.36,1.35,1.2,1.12,1.05,1.0,0.93,0.89,0.72,0.78,0.62,0.7,0.57,0.55,0.52,0.39,0.41,0.36,0.32,0.26,0.26,0.29,0.21,0.22
Malta,CAIT,Total including LUCF,All GHG,MtCO₂e,1.92,2.11,2.89,2.86,3.15,3.01,3.01,2.88,3.06,3.12,3.0,2.95,2.92,2.91,2.6,2.79,2.38,2.67,2.66,2.76,2.55,2.64,2.75,3.04,2.44,2.42,2.51
Antigua and Barbuda,CAIT,Total including LUCF,All GHG,MtCO₂e,1.38,1.35,1.13,1.11,1.1,1.08,1.17,1.14,1.07,1.02,0.96,0.81,0.78,0.74,0.69,0.65,0.61,0.57,0.54,0.52,0.48,0.45,0.43,0.43,0.41,0.41,0.41
Seychelles,CAIT,Total including LUCF,All GHG,MtCO₂e,1.3,1.28,0.63,0.53,0.56,0.46,0.56,0.63,0.8,0.75,0.83,0.79,0.83,0.64,0.63,0.72,0.66,0.6,0.52,0.42,0.31,0.27,0.27,0.25,0.24,0.24,0.22
Fiji,CAIT,Total including LUCF,All GHG,MtCO₂e,0.96,1.06,-0.38,-0.51,-0.66,-0.69,3.03,2.68,2.74,2.99,3.04,0.26,0.53,0.21,0.07,0.25,0.36,0.32,0.35,0.4,0.41,0.37,0.3,0.25,0.17,0.09,0.22
Cape Verde,CAIT,Total including LUCF,All GHG,MtCO₂e,0.93,0.92,0.54,0.54,0.54,0.64,0.71,0.67,0.6,0.64,0.6,0.64,0.53,0.5,0.46,0.42,0.0,-0.03,-0.06,-0.09,-0.1,-0.09,-0.13,-0.11,-0.12,-0.15,-0.17
Vanuatu,CAIT,Total including LUCF,All GHG,MtCO₂e,0.83,0.83,0.8,0.74,0.74,0.75,0.71,0.69,0.7,0.69,0.56,0.57,0.56,0.58,0.55,0.55,0.56,0.58,0.57,0.57,0.56,0.54,0.54,0.53,0.5,0.48,0.47
Saint Lucia,CAIT,Total including LUCF,All GHG,MtCO₂e,0.81,0.81,0.77,0.76,0.75,0.74,0.92,0.89,0.9,0.88,0.86,0.62,0.6,0.6,0.57,0.61,0.55,0.63,0.7,0.83,0.93,0.99,1.01,0.94,0.91,0.86,0.84
Samoa,CAIT,Total including LUCF,All GHG,MtCO₂e,0.7,0.71,0.55,0.55,0.54,0.55,-0.03,-0.04,-0.05,-0.06,-0.06,0.37,0.36,0.36,0.35,0.37,-1.6,-1.63,-1.63,-1.64,-1.65,-1.66,-1.66,-1.7,-1.7,-1.7,-1.71
Comoros,CAIT,Total including LUCF,All GHG,MtCO₂e,0.6,0.59,0.55,0.55,0.52,0.5,0.52,0.47,0.45,0.42,0.5,0.53,0.46,0.45,0.43,0.42,0.38,0.39,0.39,0.37,0.36,0.36,0.35,0.35,0.34,0.34,0.33
Dominica,CAIT,Total including LUCF,All GHG,MtCO₂e,0.38,0.37,0.32,0.32,0.32,0.31,0.73,0.72,0.72,0.75,0.7,0.2,0.19,0.19,0.18,0.19,0.13,0.12,0.12,0.13,0.14,0.15,0.15,0.15,0.14,0.14,0.14
Saint Kitts and Nevis,CAIT,Total including LUCF,All GHG,MtCO₂e,0.37,0.37,0.34,0.34,0.33,0.35,0.44,0.44,0.43,0.42,0.4,0.27,0.29,0.27,0.27,0.25,0.23,0.22,0.21,0.2,0.19,0.18,0.17,0.16,0.16,0.15,0.15
Saint Vincent and the Grenadines,CAIT,Total including LUCF,All GHG,MtCO₂e,0.33,0.33,0.31,0.31,0.35,0.3,0.49,0.58,0.49,0.49,0.48,0.25,0.25,0.23,0.22,0.22,0.13,0.15,0.14,0.11,0.11,0.11,0.1,0.08,0.06,0.05,0.05
Tonga,CAIT,Total including LUCF,All GHG,MtCO₂e,0.29,0.29,0.27,0.28,0.27,0.25,-0.22,-0.2,-0.24,-0.25,-0.23,0.26,0.26,0.28,0.24,0.23,0.23,0.25,0.23,0.25,0.23,0.26,0.26,0.26,0.24,0.27,0.25
Sao Tome and Principe,CAIT,Total including LUCF,All GHG,MtCO₂e,0.2,0.21,0.17,0.16,0.16,0.15,0.44,0.43,0.42,0.42,0.42,0.12,0.12,0.11,0.11,0.1,0.1,0.1,0.1,0.1,0.1,0.1,0.1,0.1,0.1,0.09,0.09
Cook Islands,CAIT,Total including LUCF,All GHG,MtCO₂e,0.11,0.11,0.09,0.09,0.09,0.09,0.04,0.04,0.04,0.03,0.03,0.07,0.06,0.04,0.03,0.04,0.02,0.02,0.02,0.02,0.02,0.01,0.01,0.0,0.0,0.0,0.0
Andorra,CAIT,Total including LUCF,All GHG,MtCO₂e,0.1,0.09,0.55,0.57,0.58,0.58,0.59,0.58,0.6,0.6,0.6,0.63,0.61,0.58,0.58,0.56,0.57,0.55,0.52,0.49,0.47,0.44,0.42,0.42,0.41,0.41,0.41
Nauru,CAIT,Total including LUCF,All GHG,MtCO₂e,0.08,0.08,0.05,0.05,0.05,0.05,0.05,0.05,0.05,0.05,0.05,0.07,0.07,0.07,0.08,0.09,0.09,0.1,0.1,0.11,0.11,0.11,0.12,0.12,0.13,0.13,0.13
Kiribati,CAIT,Total including LUCF,All GHG,MtCO₂e,0.08,0.08,0.08,0.08,0.08,0.08,0.08,0.06,0.07,0.07,0.09,0.08,0.06,0.05,0.05,0.04,0.04,0.04,0.04,0.04,0.04,0.04,0.04,0.04,0.03,0.03,0.03
Niue,CAIT,Total including LUCF,All GHG,MtCO₂e,0.06,0.06,0.06,0.06,0.06,0.06,-0.01,-0.01,0.0,-0.01,-0.01,0.04,0.04,0.04,0.04,0.04,0.03,0.03,0.03,0.03,0.03,0.03,0.03,0.03,0.03,0.03,0.03
Micronesia,CAIT,Total including LUCF,All GHG,MtCO₂e,0.06,0.05,0.2,0.19,0.19,0.17,0.16,0.21,0.16,0.18,0.16,0.16,0.18,0.18,0.18,0.21,0.16,0.15,0.16,0.15,0.15,0.15,0.09,0.08,0.08,-0.02,N/A
Liechtenstein,CAIT,Total including LUCF,All GHG,MtCO₂e,0.04,0.04,0.08,0.09,0.08,0.08,0.09,0.09,0.1,0.1,0.03,0.03,0.03,0.03,0.03,0.03,0.02,0.02,0.02,0.02,0.02,0.02,0.02,0.01,0.02,0.02,0.02
Marshall Islands,CAIT,Total including LUCF,All GHG,MtCO₂e,0.04,0.04,0.14,0.14,0.14,0.14,0.14,0.14,0.14,0.13,0.13,0.12,0.12,0.12,0.12,0.11,0.11,0.1,0.1,0.1,0.1,0.09,0.09,0.09,0.08,0.03,N/A
Palau,CAIT,Total including LUCF,All GHG,MtCO₂e,0.03,0.03,0.29,0.28,0.28,0.27,0.27,0.27,0.27,0.28,0.28,0.14,0.13,0.13,0.13,0.13,0.12,0.12,0.11,0.11,0.11,0.11,0.11,0.11,0.1,-0.13,N/A
Tuvalu,CAIT,Total including LUCF,All GHG,MtCO₂e,0.01,0.01,0.02,0.02,0.02,0.02,0.02,0.02,0.02,0.02,0.02,0.02,0.02,0.02,0.02,0.02,0.02,0.02,0.02,0.02,0.02,0.02,0.02,0.02,0.02,0.02,0.02
Bhutan,CAIT,Total including LUCF,All GHG,MtCO₂e,-1.82,-1.76,-1.72,-1.82,-1.77,-1.99,-1.26,-1.46,-1.47,-1.33,-1.45,-2.89,-3.07,-3.03,-3.0,-3.02,-2.67,-2.62,-2.68,-2.69,-2.79,-2.79,-2.88,-2.91,-2.88,-2.87,-2.93
Latvia,CAIT,Total including LUCF,All GHG,MtCO₂e,-2.33,-2.21,-2.19,-2.12,-2.1,-1.95,-3.08,-4.27,-3.54,-3.13,-3.58,7.46,7.36,7.56,7.34,7.0,-2.22,-1.38,-0.67,-0.21,0.4,0.4,2.13,5.11,8.3,10.56,12.31
Romania,CAIT,Total including LUCF,All GHG,MtCO₂e,-58.63,-56.12,-57.88,-56.92,-44.78,-42.82,110.23,113.37,130.36,133.84,135.94,138.76,140.16,143.63,138.02,140.35,135.08,130.52,146.13,163.57,176.44,173.32,167.74,171.21,183.49,204.54,246.68
Gabon,CAIT,Total including LUCF,All GHG,MtCO₂e,-84.96,-85.04,-85.62,-84.88,-85.26,-85.07,7.98,7.08,8.27,7.33,7.21,7.5,7.38,6.87,6.65,6.8,6.82,7.21,7.59,7.77,7.93,8.7,8.88,9.16,9.11,8.94,8.73
