"ISO3","Name","1995","1996","1997","1998","1999","2000","2001","2002","2003","2004","2005","2006","2007","2008","2009","2010","2011","2012","2013","2014","2015","2016","2017"
"AFG","Afghanistan",,,,,,,,,,,,,,,,,,,,,,,
"ALB","Albania",1.03263292137017e-06,1.03263292137017e-06,1.03263292137017e-06,1.03263292137017e-06,1.03263292137017e-06,1.03263292137017e-06,1.03263292137017e-06,1.03263292137017e-06,1.03263292137017e-06,1.03263292137017e-06,1.03263292137017e-06,1.03263292137017e-06,1.03263292137017e-06,1.03263292137017e-06,1.03263292137017e-06,1.03263292137017e-06,1.03263292137017e-06,1.84218219066355e-06,2.65173145995693e-06,3.46128072925031e-06,4.85992481696308e-06,7.30155164926406e-06,7.30155164926406e-06
"DZA","Algeria",9.68714064600358e-07,1.70002021324034e-06,1.13762449083357e-06,1.38450590214866e-06,1.17013758185153e-06,1.02617845371582e-06,1.6143249242937e-06,1.3439580615074e-06,9.25825513862478e-07,1.76661784303515e-06,1.7723872106101e-06,1.7170982874461e-06,2.44897416553829e-06,2.33406114826559e-06,2.2191481309929e-06,2.1042351137202e-06,2.55299099462302e-06,3.16777098091253e-06,3.07784105204572e-06,2.40327379069116e-06,2.23216928129767e-06,2.61044831445323e-06,2.61044831445323e-06
"AND","Andorra",,,,,,,,,,,,,,,,,,,,,,,
"AGO","Angola",,,,,,,,,,,,,,,,,,,,,,,
"ATG","Antigua and Barbuda",,,,,,,,,,,,,,,,,,,,,,,
"ARG","Argentina",1.93171479636954e-05,3.0971480771623e-05,2.29949409176527e-05,2.37572358166405e-05,2.45306246430235e-05,2.8658203483607e-05,1.84406771555424e-05,1.89499060026598e-05,2.06737885257811e-05,2.02950287817591e-05,2.69251976115357e-05,2.57843432917354e-05,2.3442450560197e-05,1.98353792292972e-05,1.56865025023525e-05,1.33902941568662e-05,1.65158796461924e-05,1.74597847115901e-05,1.51152123563923e-05,1.18423001143631e-05,1.25754976102524e-05,2.01608167228957e-05,2.01608167228957e-05
"ARM","Armenia",5.81225123098508e-05,5.11328934431533e-05,1.978879609433e-05,2.4125964556063e-05,3.52863062909657e-05,3.87674176469285e-05,4.58917838955896e-05,6.59218160669265e-05,5.00363509118876e-05,5.95673374039665e-05,6.90983238960453e-05,6.48977522393105e-05,4.60270789238255e-05,7.77107646601701e-05,4.01580843762896e-05,4.72663538977886e-05,4.20784530152341e-05,4.75377196190598e-05,4.32001421111875e-05,4.16348383811274e-05,3.8739093916591e-05,4.27377311940307e-05,4.27377311940307e-05
"AUS","Australia",9.87162461266047e-05,9.81377314182732e-05,9.50477939191014e-05,9.95136550692106e-05,9.81718271161365e-05,0.000100663081501592,0.000112656467315716,0.000120296772749015,0.000121535631351971,0.000127140117451832,0.000125277031400161,0.000137067045449055,0.000130499913576216,0.000132757939122414,0.000114974852132382,0.000109342199325973,0.000106669536254751,0.000115510734869446,0.000132248038216356,8.45808512526603e-05,9.60555426605683e-05,0.00010821612776343,0.00010821612776343
"AUT","Austria",0.000217405581435375,0.000239853740732053,0.000239707601906165,0.000245336814099006,0.000253743466856449,0.000244771122150151,0.00022568190440214,0.000239051012025924,0.000261037997897659,0.000275086802857476,0.000275892948188398,0.00027465214658612,0.000287505724498152,0.000276152268774749,0.000271234854505813,0.000289834139305001,0.000256683941392645,0.000267853192251332,0.000254958151838782,0.000244782688668714,0.000255128635163622,0.000237848113262402,0.000237848113262402
"AZE","Azerbaijan",2.87573194534808e-05,2.12546695865001e-05,2.20091602672867e-05,2.27636509480733e-05,2.35181416288598e-05,2.42726323096464e-05,2.5027122990433e-05,2.86345364325528e-05,2.98757605567093e-05,3.25046650213688e-05,3.34848692481396e-05,2.89938771060339e-05,3.34448160535117e-05,2.57890772987653e-05,2.9506295961784e-05,2.80528701620396e-05,2.10398206404347e-05,1.54908935061314e-05,1.65661353574319e-05,1.76191513463077e-05,1.90686597146893e-05,1.4757406680924e-05,1.4757406680924e-05
"BHS","Bahamas",8.06367074419617e-06,8.06367074419617e-06,8.06367074419617e-06,8.06367074419617e-06,8.06367074419617e-06,8.06367074419617e-06,8.06367074419617e-06,8.06367074419617e-06,8.06367074419617e-06,8.06367074419617e-06,8.06367074419617e-06,8.06367074419617e-06,8.06367074419617e-06,8.06367074419617e-06,8.06367074419617e-06,8.06367074419617e-06,8.06367074419617e-06,8.06367074419617e-06,2.65083236136147e-06,2.61664342215093e-06,5.17012289382119e-06,7.66808441027319e-06,7.66808441027319e-06
"BHR","Bahrain",7.82307949265765e-07,7.82307949265765e-07,7.82307949265765e-07,7.82307949265765e-07,7.82307949265765e-07,7.82307949265765e-07,7.82307949265765e-07,7.82307949265765e-07,7.82307949265765e-07,7.82307949265765e-07,7.82307949265765e-07,7.82307949265765e-07,7.82307949265765e-07,7.82307949265765e-07,7.82307949265765e-07,7.82307949265765e-07,7.82307949265765e-07,2.30730716488094e-06,2.28065600789411e-06,4.48968382898196e-06,5.83152009505378e-06,4.21002111325588e-06,4.21002111325588e-06
"BGD","Bangladesh",5.89687853873261e-07,1.81413906175779e-07,3.71403122240717e-07,2.53068525064836e-07,3.79757555181621e-07,5.31990718464333e-07,4.39946681444898e-07,3.14786164257895e-07,4.1720915545926e-07,3.39684756552429e-07,3.48599429631374e-07,1.51340043163831e-07,1.97092289300408e-07,4.03210051994339e-07,3.65558517450979e-07,4.33785011757743e-07,2.40397241237644e-07,4.30239953234073e-07,3.8078002178214e-07,2.76025990331224e-07,2.54341033832779e-07,4.72533064427245e-07,4.72533064427245e-07
"BRB","Barbados",7.34597330473301e-06,7.34597330473301e-06,7.34597330473301e-06,7.34597330473301e-06,7.34597330473301e-06,7.34597330473301e-06,7.34597330473301e-06,7.34597330473301e-06,7.34597330473301e-06,8.22539524199353e-06,9.10481717925406e-06,9.98423911651458e-06,1.08636610537751e-05,3.60595559626279e-06,5.00859062060211e-06,6.41122564494143e-06,7.81386066928076e-06,9.21649569362008e-06,1.06191307179594e-05,3.52876828343067e-06,3.52876828343067e-06,3.52876828343067e-06,3.52876828343067e-06
"BLR","Belarus",6.12124779281931e-05,6.87007874015748e-05,7.4330335079569e-05,9.03764028205383e-05,9.90351996830874e-05,9.96030907019413e-05,9.36692763464228e-05,9.07197451170477e-05,0.000110444801637768,0.000109453650541318,0.000120655034734887,0.000123686559102394,0.000146951878123446,0.000158480518178817,0.000184395007134393,0.000185341617053452,0.000182093178504518,0.000177611166787029,0.000157299859697822,6.88162164780853e-05,5.72204396890243e-05,4.78870043510869e-05,4.78870043510869e-05
"BEL","Belgium",7.22120595915224e-05,7.64032425299831e-05,7.77900934512429e-05,6.76271154545797e-05,5.77914908434712e-05,5.6285818802585e-05,5.5509270825941e-05,5.81643767870908e-05,5.00186341096437e-05,4.93228330075691e-05,4.93385720653785e-05,4.64544891058535e-05,4.27265968359732e-05,5.36882772720342e-05,6.19645657159227e-05,5.69037773645217e-05,5.75683143997544e-05,6.78453729365796e-05,6.39373782115902e-05,7.93108644197277e-05,8.41745167460278e-05,9.3015686822007e-05,9.3015686822007e-05
"BLZ","Belize",3.43941639982528e-06,3.43941639982528e-06,3.43941639982528e-06,3.43941639982528e-06,3.43941639982528e-06,3.43941639982528e-06,3.43941639982528e-06,3.43941639982528e-06,3.43941639982528e-06,3.43941639982528e-06,3.43941639982528e-06,3.43941639982528e-06,3.43941639982528e-06,3.43941639982528e-06,3.43941639982528e-06,3.43941639982528e-06,3.43941639982528e-06,3.43941639982528e-06,3.43941639982528e-06,3.43941639982528e-06,3.43941639982528e-06,3.43941639982528e-06,3.43941639982528e-06
"BEN","Benin",,,,,,,,,,,,,,,,,,,,,,,
"BTN","Bhutan",3.98423835307523e-06,3.98423835307523e-06,3.98423835307523e-06,3.98423835307523e-06,3.98423835307523e-06,3.98423835307523e-06,3.98423835307523e-06,3.98423835307523e-06,3.98423835307523e-06,3.98423835307523e-06,3.98423835307523e-06,3.98423835307523e-06,3.98423835307523e-06,3.98423835307523e-06,3.98423835307523e-06,3.98423835307523e-06,3.98423835307523e-06,3.98423835307523e-06,3.92176856075016e-06,3.92176856075016e-06,3.92176856075016e-06,3.92176856075016e-06,3.92176856075016e-06
"BOL","Bolivia, Plurinational State of",2.24668198110831e-06,2.17328285131765e-06,2.09988372152699e-06,2.02648459173633e-06,1.95308546194567e-06,1.87968633215501e-06,1.80628720236436e-06,1.7328880725737e-06,1.65948894278304e-06,1.58608981299238e-06,1.51269068320172e-06,1.43929155341106e-06,1.3658924236204e-06,1.29249329382974e-06,1.21909416403908e-06,1.14569503424842e-06,1.07229590445777e-06,9.98896774667107e-07,9.25497644876448e-07,8.52098515085789e-07,9.7712062293793e-07,1.10214273079007e-06,1.10214273079007e-06
"BIH","Bosnia and Herzegovina",6.11845651027714e-06,6.11845651027714e-06,6.11845651027714e-06,6.11845651027714e-06,6.11845651027714e-06,8.23000255395563e-06,1.37884073434936e-05,1.11278512740337e-05,8.46729520457382e-06,1.32230111070649e-05,1.74532530483693e-05,1.45523126535269e-05,1.51143983924033e-05,1.56764841312797e-05,1.5360909474543e-05,1.50453348178064e-05,1.16567019937027e-05,5.48215558357546e-07,1.94174811144192e-06,1.14974697153843e-05,1.42791783042643e-05,1.70608868931443e-05,1.70608868931443e-05
"BWA","Botswana",4.87486466156983e-07,4.87486466156983e-07,4.87486466156983e-07,4.87486466156983e-07,4.87486466156983e-07,4.87486466156983e-07,4.87486466156983e-07,4.87486466156983e-07,4.87486466156983e-07,4.87486466156983e-07,4.87486466156983e-07,4.87486466156983e-07,4.87486466156983e-07,4.87486466156983e-07,4.87486466156983e-07,4.87486466156983e-07,4.87486466156983e-07,2.39312884845033e-06,3.75850302582984e-06,1.84453094269826e-06,1.14446201752602e-06,4.44393092353772e-07,4.44393092353772e-07
"BRA","Brazil",1.66793377054599e-05,1.583256113973e-05,1.6449296023847e-05,1.4638247819953e-05,1.63001408845025e-05,1.81359105593712e-05,1.93473251043161e-05,1.93226770554911e-05,2.11856338890441e-05,2.18904068150228e-05,2.16887290635352e-05,2.0929842427491e-05,2.1955053315418e-05,2.21785756834749e-05,2.19142521532356e-05,2.14841471410213e-05,2.36301689220367e-05,2.39228983037045e-05,2.44999432632893e-05,2.28143995028958e-05,2.25332710228427e-05,2.50417927053402e-05,2.50417927053402e-05
"BRN","Brunei Darussalam",5.00315198575102e-05,5.00315198575102e-05,5.00315198575102e-05,5.00315198575102e-05,5.00315198575102e-05,5.00315198575102e-05,5.00315198575102e-05,5.00315198575102e-05,5.00315198575102e-05,5.00315198575102e-05,5.00315198575102e-05,5.00315198575102e-05,5.00315198575102e-05,5.00315198575102e-05,5.00315198575102e-05,5.00315198575102e-05,5.00315198575102e-05,5.00315198575102e-05,4.92955663567619e-05,6.31521675767056e-05,6.31521675767056e-05,6.31521675767056e-05,6.31521675767056e-05
"BGR","Bulgaria",4.37779046966911e-05,3.7786269856625e-05,4.74009596649113e-05,3.31848251850054e-05,3.43457452198517e-05,2.82735785733764e-05,3.53346213614392e-05,3.68755981917432e-05,3.57541232670986e-05,3.40812195633975e-05,3.40776803988838e-05,3.19693851695206e-05,2.79642873520046e-05,3.32329626679049e-05,3.25074689939865e-05,3.28573790980284e-05,3.56543692660426e-05,3.35345956576394e-05,3.88156278324569e-05,3.01774461519465e-05,3.90081291548011e-05,3.22679213930988e-05,3.22679213930988e-05
"BFA","Burkina Faso",1.82336614541491e-07,1.82336614541491e-07,1.82336614541491e-07,1.82336614541491e-07,3.54525037931963e-07,1.72295829872341e-07,1.41204725499876e-07,1.10113621127411e-07,7.90225167549467e-08,1.53485239209431e-07,7.45049333441614e-08,8.52364002323671e-08,9.59678671205728e-08,1.06699334008779e-07,1.17430800896984e-07,1.2816226778519e-07,1.2816226778519e-07,1.2816226778519e-07,1.2816226778519e-07,1.2816226778519e-07,1.2816226778519e-07,1.2816226778519e-07,1.2816226778519e-07
"BDI","Burundi",1.65532438398758e-07,1.65532438398758e-07,1.65532438398758e-07,1.65532438398758e-07,1.65532438398758e-07,1.65532438398758e-07,1.65532438398758e-07,1.65532438398758e-07,1.65532438398758e-07,1.65532438398758e-07,1.65532438398758e-07,1.65532438398758e-07,1.65532438398758e-07,1.65532438398758e-07,1.65532438398758e-07,1.65532438398758e-07,1.65532438398758e-07,1.65532438398758e-07,1.65532438398758e-07,1.65532438398758e-07,1.65532438398758e-07,1.65532438398758e-07,1.65532438398758e-07
"KHM","Cambodia",6.65659656737954e-08,6.65659656737954e-08,6.65659656737954e-08,6.65659656737954e-08,6.65659656737954e-08,6.65659656737954e-08,6.65659656737954e-08,6.65659656737954e-08,6.65659656737954e-08,6.65659656737954e-08,6.65659656737954e-08,6.65659656737954e-08,6.65659656737954e-08,6.65659656737954e-08,6.65659656737954e-08,6.65659656737954e-08,6.65659656737954e-08,6.65659656737954e-08,6.65659656737954e-08,1.30968993745576e-07,1.30968993745576e-07,1.30968993745576e-07,1.30968993745576e-07
"CMR","Cameroon",,,,,,,,,,,,,,,,,,,,,,,
"CAN","Canada",8.28166519043401e-05,8.70520593558215e-05,0.000111514246078327,0.000125926097348907,0.00013315103346973,0.000136075424849771,0.000127501857994524,0.000126235571710988,0.000124037125899735,0.000163494295983747,0.000160404803169101,0.000169539895067639,0.000151970656223767,0.000152229878968373,0.000150675447969526,0.000133802774240255,0.000138427931576885,0.000135508666123078,0.00012992011633924,0.000118135891056984,0.000119360872066104,0.000112451248605941,0.000112451248605941
"CPV","Cape Verde",,,,,,,,,,,,,,,,,,,,,,,
"CAF","Central African Republic",,,,,,,,,,,,,,,,,,,,,,,
"TCD","Chad",,,,,,,,,,,,,,,,,,,,,,,
"CHL","Chile",1.1960874928908e-05,1.21397511599325e-05,1.09562305395059e-05,1.39040430270351e-05,1.3530586288263e-05,1.57900730104148e-05,1.5927516591325e-05,2.50261862876341e-05,2.08233884248037e-05,2.39141923720237e-05,2.23570055831822e-05,1.78311096121813e-05,2.44365540044508e-05,3.18690342338246e-05,2.03809490534505e-05,1.93016634620805e-05,1.97628953912636e-05,1.94110300636416e-05,1.94697560817505e-05,2.56616999922447e-05,2.49399288316893e-05,2.15525015028124e-05,2.15525015028124e-05
"CHN","China",8.30888364160003e-06,9.55032647529876e-06,1.03018108651911e-05,1.10722380800928e-05,1.24735079645735e-05,2.00737341057859e-05,2.36175649644219e-05,3.10887222742893e-05,4.40616268239677e-05,5.07578650926837e-05,7.1706347988832e-05,9.32998733810316e-05,0.000116140634425614,0.000146890322385829,0.000172089599326953,0.0002190811875563,0.000309366653523097,0.000396324114622472,0.000519335779221736,0.000587226135588996,0.00070612447309695,0.000874020157181041,0.000874020157181041
"COL","Colombia",3.76582678847327e-06,2.28652298646815e-06,2.07010348524952e-06,4.10357714171936e-06,1.70771550132789e-06,1.8562537858296e-06,1.58579483049915e-06,1.29893587564912e-06,1.94533370313653e-06,1.77885287068116e-06,2.28713295501228e-06,3.23936719919886e-06,2.88453486379542e-06,2.80613958397511e-06,2.81837876240629e-06,2.89646149752243e-06,3.94340069308176e-06,4.54337240882459e-06,5.30173628061148e-06,5.44025117555981e-06,6.65578835770745e-06,1.12016793722143e-05,1.12016793722143e-05
"COM","Comoros",,,,,,,,,,,,,,,,,,,,,,,
"COG","Congo",,,,,,,,,,,,,,,,,,,,,,,
"COD","Congo, the Democratic Republic o",,,,,,,,,,,,,,,,,,,,,,,
"CRI","Costa Rica",1.76006758659533e-06,1.76006758659533e-06,1.76006758659533e-06,1.76006758659533e-06,1.76006758659533e-06,1.76006758659533e-06,1.76006758659533e-06,1.76006758659533e-06,1.76006758659533e-06,1.76006758659533e-06,1.76006758659533e-06,1.76006758659533e-06,1.76006758659533e-06,1.76006758659533e-06,1.76006758659533e-06,1.76006758659533e-06,3.04316468259575e-06,2.14863297524216e-06,4.46200823091785e-06,3.36305786035953e-06,3.53588255212515e-06,1.85289114840958e-06,1.85289114840958e-06
"CIV","Cote d'Ivoire",1.21389803060452e-06,1.21389803060452e-06,1.21389803060452e-06,1.21389803060452e-06,1.21389803060452e-06,1.21389803060452e-06,1.21389803060452e-06,1.21389803060452e-06,1.21389803060452e-06,1.21389803060452e-06,1.21389803060452e-06,1.21389803060452e-06,1.21389803060452e-06,1.21389803060452e-06,1.21389803060452e-06,1.21389803060452e-06,1.21389803060452e-06,1.21389803060452e-06,1.21389803060452e-06,1.21389803060452e-06,1.21389803060452e-06,1.21389803060452e-06,1.21389803060452e-06
"HRV","Croatia",5.67573356179053e-05,5.76323987538941e-05,5.97112860892388e-05,5.93201510775383e-05,5.40184453227932e-05,7.61409850881157e-05,8.15315315315315e-05,7.38738738738739e-05,8.71621621621622e-05,8.67312457760757e-05,8.17199459702837e-05,7.13963963963964e-05,7.75473399458972e-05,7.44163726844105e-05,5.6445156305669e-05,5.81740018348578e-05,5.37305092577667e-05,5.08487523778236e-05,5.404530265252e-05,4.01095793708411e-05,4.02035967231928e-05,4.19227045941774e-05,4.19227045941774e-05
"CUB","Cuba",9.53599761159937e-06,7.57229350720536e-06,9.89651064469593e-06,9.8987485894971e-06,9.90098653429828e-06,9.80165582682751e-06,9.70232511935674e-06,9.60299441188597e-06,9.5036637044152e-06,9.40433299694443e-06,9.30500228947366e-06,8.32135810229835e-06,6.54653654157267e-06,6.10092845520778e-06,5.21265788831518e-06,5.33648771345838e-06,5.46031753860158e-06,3.33856198997975e-06,2.36589597751242e-06,2.09794482702314e-06,2.44318861217762e-06,2.7884323973321e-06,2.7884323973321e-06
"CYP","Cyprus",1.20777444409665e-05,1.20777444409665e-05,1.20777444409665e-05,1.20777444409665e-05,1.20777444409665e-05,1.20777444409665e-05,1.20777444409665e-05,1.20777444409665e-05,1.20777444409665e-05,8.90727526449659e-06,1.94617275397068e-05,1.11410199023404e-05,2.82031226497398e-06,1.01704662604028e-05,5.46410266684637e-06,3.59515983631237e-06,3.55959820438196e-06,3.52403657245155e-06,1.74841069467854e-06,3.47129112069766e-06,5.1680254266851e-06,2.56382865078517e-06,2.56382865078517e-06
"CZE","Czech Republic",6.06163129730626e-05,5.95235729344569e-05,5.6191055800824e-05,6.06156392429146e-05,5.79548924236619e-05,5.41196090165414e-05,5.55957678700508e-05,5.15842240928532e-05,6.13105868767092e-05,6.10957957560683e-05,5.73878762333497e-05,6.2604350758211e-05,6.95224738193511e-05,6.85630447307422e-05,7.55462308463016e-05,8.28686293547799e-05,7.45992221101805e-05,8.24867029436907e-05,9.35870785918416e-05,8.6457957158087e-05,8.34434929673729e-05,7.49550553588511e-05,7.49550553588511e-05
"DNK","Denmark",0.000235794391112577,0.000248713964500594,0.000249574691801746,0.000290900507690199,0.000311172969892324,0.000323993335850368,0.000327872951750425,0.000337615940383163,0.000328721950575208,0.000347301695265244,0.000305936120242859,0.000276425383905753,0.000303949252925695,0.000297435880633193,0.00027484589709212,0.000293095333673535,0.000282556261726803,0.000251449860611649,0.000238827469326432,0.000243998600153274,0.000257236627610217,0.00027094924764447,0.00027094924764447
"DJI","Djibouti",1.11521510268901e-06,1.11521510268901e-06,1.11521510268901e-06,1.11521510268901e-06,1.11521510268901e-06,1.11521510268901e-06,1.11521510268901e-06,1.11521510268901e-06,1.11521510268901e-06,1.11521510268901e-06,1.11521510268901e-06,1.11521510268901e-06,1.11521510268901e-06,1.11521510268901e-06,1.11521510268901e-06,1.11521510268901e-06,1.11521510268901e-06,1.11521510268901e-06,1.11521510268901e-06,1.11521510268901e-06,1.11521510268901e-06,1.11521510268901e-06,1.11521510268901e-06
"DMA","Dominica",,,,,,,,,,,,,,,,,,,,,,,
"DOM","Dominican Republic",1.77253457673351e-06,1.77253457673351e-06,1.77253457673351e-06,1.77253457673351e-06,1.77253457673351e-06,1.77253457673351e-06,1.77253457673351e-06,1.77253457673351e-06,1.77253457673351e-06,1.77253457673351e-06,1.77253457673351e-06,1.77253457673351e-06,1.77253457673351e-06,1.77253457673351e-06,1.77253457673351e-06,1.77253457673351e-06,1.77253457673351e-06,1.77253457673351e-06,1.06990402766344e-06,1.24929799062911e-06,1.99460620489697e-06,1.50251798537505e-06,1.50251798537505e-06
"ECU","Ecuador",6.99265063677262e-07,5.99136609908744e-07,6.70859932580254e-07,9.40332532214222e-07,1.20980513184819e-06,7.91853662909163e-07,5.44630314667945e-07,9.94487479402634e-07,5.26727627112357e-07,1.03629650722924e-06,8.00860094619436e-07,5.72759008783259e-07,2.81582009387522e-07,1.38431660649735e-07,4.08405669351367e-07,2.67832810724561e-07,3.27540063711663e-07,3.87247316698766e-07,4.46954569685868e-07,1.50913858872402e-06,1.23882210811845e-06,2.74640300546815e-06,2.74640300546815e-06
"EGY","Egypt",6.40357736477285e-06,7.76179231858535e-06,7.54677811943709e-06,7.33176392028882e-06,7.81037527920634e-06,7.63883059631458e-06,6.51438907806513e-06,8.63753934109874e-06,6.66378830661136e-06,5.06752954048027e-06,5.57450271430743e-06,6.03101437723186e-06,6.4875260401563e-06,5.94165460702248e-06,5.94191316653017e-06,7.1931663350399e-06,7.19461638730348e-06,7.77786889284838e-06,7.13749384196295e-06,8.19059996645775e-06,7.65636591849967e-06,9.59361118166108e-06,9.59361118166108e-06
"SLV","El Salvador",5.34653094794885e-07,5.63366177846227e-07,5.92079260897568e-07,6.2079234394891e-07,6.49505427000252e-07,6.78218510051594e-07,7.06931593102935e-07,7.35644676154277e-07,7.64357759205619e-07,7.93070842256961e-07,8.21783925308302e-07,8.50497008359644e-07,8.79210091410986e-07,9.07923174462328e-07,9.36636257513669e-07,9.65349340565011e-07,9.94062423616353e-07,1.02277550666769e-06,1.05148858971904e-06,1.08020167277038e-06,1.10891475582172e-06,6.30445274040376e-07,6.30445274040376e-07
"GNQ","Equatorial Guinea",,,,,,,,,,,,,,,,,,,,,,,
"ERI","Eritrea",,,,,,,,,,,,,,,,,,,,,,,
"EST","Estonia",1.11371441856451e-05,8.47700682540333e-06,1.07178455701358e-05,1.44283904553311e-05,9.35087653678059e-06,9.30575489357438e-06,1.29672253379583e-05,1.37746039801356e-05,1.3131784755457e-05,1.98157865766394e-05,1.6976988798878e-05,2.67298282608534e-05,3.28191663931736e-05,4.63693543441354e-05,5.69495284803843e-05,6.30879288007661e-05,4.67064776611204e-05,1.51206324053297e-05,1.89681767105691e-05,3.34716574936575e-05,2.2806629431043e-05,2.20399911840035e-05,2.20399911840035e-05
"ETH","Ethiopia",5.07140984585145e-08,5.07140984585145e-08,4.93074416619683e-08,4.79007848654221e-08,4.6494128068876e-08,4.50874712723298e-08,2.96362167097373e-08,1.41849621471448e-08,4.13535604809055e-08,1.34004418527692e-08,1.30332075832988e-08,6.34109868082446e-08,1.48147400095227e-07,1.48147400095227e-07,1.48147400095227e-07,1.48147400095227e-07,1.48147400095227e-07,1.48147400095227e-07,1.48147400095227e-07,1.48147400095227e-07,1.48147400095227e-07,1.48147400095227e-07,1.48147400095227e-07
"FJI","Fiji",,,,,,,,,,,,,,,,,,,,,,,
"FIN","Finland",0.000402913980410314,0.000425206158639949,0.000458185914528385,0.000479480151151703,0.000486112213516127,0.000498241087251307,0.000460677778445985,0.000415721422805608,0.000378284040672056,0.000384646870837455,0.000348830825817903,0.000344836229375338,0.000341103329350013,0.000338577998753717,0.000338273766120215,0.000322745924563594,0.000306220621379173,0.000313633006161282,0.000293437804055619,0.000259818160245734,0.000235239110792511,0.000229286719949746,0.000229286719949746
"FRA","France",0.000208575813142943,0.00021615614922071,0.000220996129882821,0.000220166427276592,0.000224673345089563,0.000227703673301867,0.000220005955268987,0.000218735403246458,0.000217062008917488,0.000226936031070621,0.000226767128392946,0.000228366624107075,0.000229972941079455,0.000227697126286111,0.000217905178916843,0.000226796330974214,0.000224278812768512,0.000221444513018462,0.000222580276629859,0.000218649796191247,0.000214826203559075,0.000212474563178263,0.000212474563178263
"GAB","Gabon",,,,,,,,,,,,,,,,,,,,,,,
"GMB","Gambia",,,,,,,,,,,,,,,,,,,,,,,
"GEO","Georgia",6.06252640473173e-05,6.23903294989277e-05,5.80368964604113e-05,6.17297706861587e-05,5.95171252105559e-05,5.25088835072313e-05,5.79062556994346e-05,4.45260500344274e-05,4.53382934201349e-05,5.86572438162544e-05,5.36992840095465e-05,5.70599613152805e-05,6.07545320921117e-05,5.50868486352357e-05,6.43539467068879e-05,4.66123280692817e-05,3.56129032258064e-05,3.63398692810458e-05,3.01906779661017e-05,2.95143547088811e-05,2.66336660299696e-05,2.58113085795714e-05,2.58113085795714e-05
"DEU","Germany",0.000466502316515853,0.00051665857676005,0.000541697129867041,0.000567027306661733,0.000609364822464655,0.000629303624986419,0.000607031518243641,0.000577025923433322,0.000579372113680519,0.000587132766317814,0.000586484042533971,0.000582836471068655,0.000581683607002871,0.000599682643171156,0.00058434251430793,0.000575308953270806,0.000585313110561481,0.000579664568679639,0.000587173969368821,0.000594622294940265,0.000580070582191248,0.000588716254782454,0.000588716254782454
"GHA","Ghana",4.96335484214972e-07,4.96335484214972e-07,4.96335484214972e-07,4.96335484214972e-07,4.96335484214972e-07,4.96335484214972e-07,4.96335484214972e-07,4.96335484214972e-07,4.96335484214972e-07,4.96335484214972e-07,4.96335484214972e-07,4.96335484214972e-07,4.96335484214972e-07,4.96335484214972e-07,4.96335484214972e-07,4.96335484214972e-07,4.96335484214972e-07,4.96335484214972e-07,4.96335484214972e-07,4.96335484214972e-07,4.96335484214972e-07,4.96335484214972e-07,4.96335484214972e-07
"GRC","Greece",2.51842593077377e-05,2.51677852348993e-05,2.74826828613769e-05,2.57450462473377e-05,2.69474203792004e-05,2.8318104486032e-05,3.54442387553383e-05,3.44890149735526e-05,3.59624343548312e-05,3.45956295770178e-05,4.20484933806388e-05,4.82742762896536e-05,5.20433909735762e-05,5.66897466753675e-05,6.28431558176241e-05,6.54597318794559e-05,6.49262996448685e-05,5.68582502996149e-05,6.36558658105166e-05,5.97663713265371e-05,5.08276450267506e-05,5.62362315191828e-05,5.62362315191828e-05
"GRD","Grenada",,,,,,,,,,,,,,,,,,,,,,,
"GTM","Guatemala",3.07441358683282e-06,2.06637302879754e-06,3.30650350663882e-06,2.33529417206681e-06,2.45890057461872e-06,4.63489753400277e-06,2.51573466244627e-06,6.55262478491009e-07,4.79981645501876e-07,7.03293955383813e-07,1.2981035165777e-06,2.09001890571387e-06,6.56920592752589e-07,3.56980532994783e-07,4.88956293454244e-07,4.78455262074895e-07,2.67577876366846e-07,4.58383493584203e-07,2.56472500313217e-07,6.28000310734554e-07,4.30704850333449e-07,1.80913951957335e-07,1.80913951957335e-07
"GIN","Guinea",,,,,,,,,,,,,,,,,,,,,,,
"GNB","Guinea-Bissau",,,,,,,,,,,,,,,,,,,,,,,
"GUY","Guyana",1.30994127533263e-06,1.30994127533263e-06,1.30994127533263e-06,1.30994127533263e-06,1.30994127533263e-06,1.30994127533263e-06,1.30994127533263e-06,1.30994127533263e-06,1.30994127533263e-06,1.30994127533263e-06,1.30994127533263e-06,1.30994127533263e-06,1.30994127533263e-06,1.30994127533263e-06,1.30994127533263e-06,1.30994127533263e-06,1.30994127533263e-06,1.30994127533263e-06,1.30994127533263e-06,1.30994127533263e-06,1.30994127533263e-06,1.30994127533263e-06,1.30994127533263e-06
"HTI","Haiti",3.76621685901782e-07,3.76621685901782e-07,2.90742897845435e-07,2.04864109789087e-07,1.1898532173274e-07,1.17284061573635e-07,1.1558280141453e-07,1.13881541255425e-07,1.1218028109632e-07,1.10479020937215e-07,1.0877776077811e-07,1.07076500619005e-07,1.053752404599e-07,1.03673980300795e-07,1.0197272014169e-07,1.00271459982585e-07,9.85701998234805e-08,1.94378382791293e-07,1.91774503847822e-07,1.89170624904351e-07,1.89170624904351e-07,1.89170624904351e-07,1.89170624904351e-07
"HND","Honduras",1.22612322082952e-06,1.70420199974471e-06,1.74034016424279e-06,1.77647832874087e-06,1.25841149772833e-06,6.13094189813655e-07,1.04585928620701e-06,1.01993878327423e-06,9.3322059298211e-07,8.46502402689989e-07,7.59784212397869e-07,6.73066022105748e-07,5.86347831813628e-07,4.99629641521507e-07,4.12911451229387e-07,3.26193260937266e-07,2.39475070645146e-07,9.40551722937917e-07,6.93017902384963e-07,5.69702586513499e-07,4.46387270642035e-07,1.09734949495038e-06,1.09734949495038e-06
"HUN","Hungary",0.000106109373010752,7.78761968252503e-05,7.16195522738188e-05,6.72084250143914e-05,7.12085825389523e-05,7.93264421179925e-05,9.02079159949334e-05,8.28853716965946e-05,7.46331130932543e-05,7.40070441250181e-05,6.98914897445392e-05,7.12911947431184e-05,6.85178076688233e-05,6.80401682056562e-05,7.55289269803894e-05,6.48998507303433e-05,6.63876979383812e-05,6.975551900223e-05,6.48938318716048e-05,5.53389520951165e-05,5.78074145476372e-05,6.27673279347318e-05,6.27673279347318e-05
"ISL","Iceland",7.10365352116889e-05,5.94981332460694e-05,8.11424862057773e-05,0.000149609373574606,0.000126180235848887,0.000181362351309543,0.000171949131130513,0.000246936766797787,0.000196876910483177,0.000225970130857248,0.000158391016870328,0.000148132542415285,0.000195785162694261,0.000157522982603162,0.000200942546130443,0.000179222175757214,0.000156732933350887,0.000115366866635902,0.000101926094315613,0.000155779416346453,0.000120913501503862,0.000104340878669445,0.000104340878669445
"IND","India",1.60856603371016e-06,1.69681429103211e-06,1.93101035781724e-06,2.21167067967274e-06,2.13235029677667e-06,2.09486547598185e-06,2.22029787073854e-06,2.47107948768828e-06,3.0910775448308e-06,3.56440145316509e-06,4.12632020373789e-06,4.89338126456795e-06,5.3370349479636e-06,5.36692695591363e-06,5.98054733343305e-06,7.19182686188861e-06,7.08847386896647e-06,7.56334278602601e-06,8.34452945784592e-06,9.30549407948218e-06,9.60922940702567e-06,9.96774319284965e-06,9.96774319284965e-06
"IDN","Indonesia",3.09710937186362e-07,2.00085205284244e-07,3.89495522687338e-07,4.52080568107192e-07,7.28623448724726e-07,7.42174915415341e-07,9.88315030189621e-07,1.07582220666132e-06,9.11377745880262e-07,1.01513921836132e-06,1.0365540567572e-06,1.25305539938047e-06,1.21894092909678e-06,1.63449010573694e-06,1.73393152494665e-06,2.09463699411048e-06,2.16924585589897e-06,2.39993072249164e-06,2.63061558908432e-06,2.75152639554949e-06,4.09820011040892e-06,4.21652558169517e-06,4.21652558169517e-06
"IRN","Iran, Islamic Republic of",4.58930325198028e-06,4.67660854102333e-06,4.52874306314964e-06,5.27381341936691e-06,5.62534639684267e-06,6.19973545577597e-06,1.02986129780349e-05,1.33856343900777e-05,1.87029393827271e-05,3.48477601049168e-05,5.75247915734516e-05,8.38154947192027e-05,0.000147825030528826,0.000211447393719715,0.000165346758303114,0.000148965680241091,0.000152719014419383,0.000138933988880624,0.000145992689853517,0.000174503372558566,0.00018024171082267,0.000185980049086774,0.000185980049086774
"IRQ","Iraq",3.76081475478473e-06,3.26203343747375e-06,3.57854522720838e-06,3.89505701694301e-06,4.21156880667763e-06,4.52808059641226e-06,4.84459238614689e-06,5.16110417588151e-06,5.47761596561614e-06,5.79412775535077e-06,6.1106395450854e-06,6.42715133482002e-06,6.74366312455465e-06,7.06017491428928e-06,7.37668670402391e-06,7.69319849375853e-06,8.00971028349316e-06,8.32622207322779e-06,8.64273386296242e-06,8.95924565269704e-06,9.27575744243167e-06,9.27575744243167e-06,9.27575744243167e-06
"IRL","Ireland",0.000232761709368742,0.000218006273522272,0.000216647510417996,0.000265305858599788,0.000265261455646207,0.00024309006631497,0.000263563361123447,0.000232454811827321,0.000215687594285129,0.000193353646522018,0.000189667382546851,0.00019608802058971,0.000192546298632717,0.000207370726292024,0.000200203952264146,0.00016074015027998,0.000107858283821869,0.000106967381253706,7.20184367198003e-05,5.64651526276692e-05,5.31693505491437e-05,4.24786056082274e-05,4.24786056082274e-05
"ISR","Israel",0.000228313796212804,0.000213984539704849,0.000246915695681974,0.000326578462569084,0.000335183673469388,0.000254253458419463,0.000193818915980742,0.000184627092846271,0.000198663617202565,0.000226758701718314,0.000240833465606557,0.000190254759913237,0.000224927229425774,0.000209063047285464,0.000185289088383029,0.00019019885618343,0.000175126838187952,0.000166740408318058,0.000149016688380172,0.000136932945458086,0.000153339458956337,0.00015211794991809,0.00015211794991809
"ITA","Italy",0.000123056022181811,0.000123056022181811,0.000118822347169313,0.000114588672156814,0.000110354997144316,0.000138333480734503,0.000141196145823938,0.000144058810913373,0.000146921476002808,0.000149784141092243,0.000152646806181678,0.000155509471271113,0.000158372136360548,0.000145988054308168,0.000149148753036723,0.000149753488752723,0.000148098376594906,0.00014173732132452,0.000137912261703317,0.00014148908834703,0.000143714733377101,0.000145940378407171,0.000145940378407171
"JAM","Jamaica",2.75868591966707e-06,7.80642257804764e-07,3.47916578882159e-06,3.69951700810973e-06,3.91986822739788e-06,4.14021944668602e-06,1.49420379669714e-06,5.56494175731957e-06,3.31795889491324e-06,4.0311099074787e-06,3.64342127459264e-06,7.60792659002949e-06,2.16179835681707e-06,5.37610900168523e-06,6.06259018102894e-06,4.96945559613944e-06,7.06840412752391e-06,8.79974318829479e-06,7.71440704086917e-06,1.15300478287348e-05,2.43738191755103e-06,6.59411978045052e-06,6.59411978045052e-06
"JPN","Japan",0.00266081521695804,0.00269603282521053,0.00277026265895587,0.00282736550632911,0.00282340817019529,0.00302894917338757,0.00301075903074346,0.00286558123111931,0.00280449114455284,0.00288363428589319,0.00287979463579943,0.00271450247939055,0.00260543277005648,0.00257771565557577,0.00230630159238405,0.00226501913016319,0.00224965384525123,0.00224880708929789,0.00213214327749225,0.0020896241239511,0.00203584209656995,0.00204925392405346,0.00204925392405346
"JOR","Jordan",1.39130298463884e-05,1.39130298463884e-05,1.39130298463884e-05,1.39130298463884e-05,1.39130298463884e-05,1.39130298463884e-05,1.00125503467616e-05,3.97164021932532e-06,4.6323970579461e-06,7.58726026741479e-06,8.57526218864142e-06,1.26385351971409e-05,9.52659138075993e-06,7.70437155287156e-06,8.79621457837691e-06,6.26532393813201e-06,5.28056778777081e-06,6.00557542608619e-06,4.15999878290321e-06,4.54065280511314e-06,4.47632363252134e-06,2.32661386099244e-06,2.32661386099244e-06
"KAZ","Kazakhstan",6.51886937640028e-05,6.56057872777925e-05,7.63677240911735e-05,8.25409885013237e-05,9.05654755564987e-05,9.39959120176763e-05,0.000108154783157063,0.000107275427574011,0.000113756653858759,0.000116965413606954,0.000100547770787261,9.36106700224535e-05,0.000105462396746307,9.46152864616562e-05,9.40170717106049e-05,0.000103603312169094,8.54613047217341e-05,9.6265759827312e-05,0.00010707021493289,0.000100761874298116,7.24513512832554e-05,5.5805155148728e-05,5.5805155148728e-05
"KEN","Kenya",5.32902577521871e-07,5.32902577521871e-07,7.59822939151238e-07,9.06959310412635e-07,8.16982864634076e-07,7.75481538905305e-07,7.33980213176534e-07,6.92478887447763e-07,6.44578107806978e-07,8.83822123555995e-07,9.43179326574399e-07,1.10655145936595e-06,1.07651362607625e-06,1.60926051260925e-06,1.19292583053236e-06,1.86214551279038e-06,3.17745455245564e-06,2.81808705089229e-06,2.83312351488279e-06,2.86805325453429e-06,2.90031435385262e-06,2.97142682158833e-06,2.97142682158833e-06
"KIR","Kiribati",,,,,,,,,,,,,,,,,,,,,,,
"PRK","Korea, Democratic People's Repub",,,,,,,,,,,,,,,,,,,,,,,
"KOR","Korea, Republic of",0.00131346354913561,0.00150259152831845,0.00146580527567167,0.00109310483014887,0.00120064328051525,0.00154932837016148,0.00155612718588012,0.0016071030386232,0.00188575080811479,0.00218894521728365,0.00253583300260845,0.00259042990202875,0.00264361919706987,0.00259127013863787,0.00258206429059398,0.00265981963313156,0.0027641828831168,0.00295092497581616,0.00317234804261914,0.00323317836549594,0.00327894097390712,0.0031890281072715,0.0031890281072715
"KWT","Kuwait",,,,,,,,,,,,,,,,,,,,,,,
"KGZ","Kyrgyzstan",2.60942022629594e-05,2.72232304900181e-05,3.23652159100588e-05,2.32753197735374e-05,1.23956697793571e-05,1.63318634656214e-05,1.69865119006694e-05,2.46458412647524e-05,3.54926337913668e-05,3.39746495899756e-05,3.24566653885845e-05,3.09386811871933e-05,2.94206969858021e-05,2.53821422528061e-05,2.7120910965393e-05,2.4596633565227e-05,2.24857650600225e-05,1.96176344699672e-05,1.94069515350724e-05,2.26201696512724e-05,2.04804512414175e-05,1.38169257340242e-05,1.38169257340242e-05
"LAO","Lao People's Democratic Republic",,,,,,,,,,,,,,,,,,,,,,,
"LVA","Latvia",8.45051379123851e-05,7.97648726895657e-05,6.65885415917374e-05,8.09122251733285e-05,3.8067636568692e-05,4.13930012037761e-05,5.00605433066486e-05,6.49302021969783e-05,3.97735095314375e-05,4.7721687120712e-05,5.00268224168405e-05,5.13893841252783e-05,6.31724858827673e-05,9.46116375988485e-05,0.000112062134718297,8.48607068706184e-05,8.39924474768038e-05,9.48720431751362e-05,0.000111793076480873,5.16606128453361e-05,6.8772765175899e-05,4.84808401168235e-05,4.84808401168235e-05
"LBN","Lebanon",1.99010557415304e-05,1.99010557415304e-05,1.99010557415304e-05,1.99010557415304e-05,1.99010557415304e-05,1.99010557415304e-05,1.99010557415304e-05,1.99010557415304e-05,1.99010557415304e-05,1.99010557415304e-05,1.99010557415304e-05,1.99010557415304e-05,1.99010557415304e-05,1.99010557415304e-05,1.99010557415304e-05,1.99010557415304e-05,1.99010557415304e-05,1.99010557415304e-05,1.99010557415304e-05,1.42773543848165e-05,1.87986661150113e-05,1.87986661150113e-05,1.87986661150113e-05
"LSO","Lesotho",4.54194743944874e-06,5.59511613502806e-07,5.59511613502806e-07,5.59511613502806e-07,5.59511613502806e-07,5.59511613502806e-07,5.59511613502806e-07,5.59511613502806e-07,5.59511613502806e-07,5.59511613502806e-07,5.59511613502806e-07,5.59511613502806e-07,5.59511613502806e-07,5.59511613502806e-07,5.59511613502806e-07,5.59511613502806e-07,5.59511613502806e-07,5.59511613502806e-07,5.59511613502806e-07,5.59511613502806e-07,5.59511613502806e-07,5.59511613502806e-07,5.59511613502806e-07
"LBR","Liberia",,,,,,,,,,,,,,,,,,,,,,,
"LBY","Libyan Arab Jamahiriya",1.21241562092452e-06,2.38289841465768e-06,2.38289841465768e-06,2.38289841465768e-06,2.38289841465768e-06,2.38289841465768e-06,2.38289841465768e-06,2.38289841465768e-06,2.38289841465768e-06,2.38289841465768e-06,2.38289841465768e-06,2.38289841465768e-06,2.38289841465768e-06,2.38289841465768e-06,2.38289841465768e-06,2.38289841465768e-06,2.38289841465768e-06,2.38289841465768e-06,2.38289841465768e-06,2.38289841465768e-06,2.38289841465768e-06,2.38289841465768e-06,2.38289841465768e-06
"LIE","Liechtenstein",,,,,,,,,,,,,,,,,,,,,,,
"LTU","Lithuania",2.92083275697404e-05,2.77653373641199e-05,3.49636950975585e-05,3.77535935645337e-05,2.44024382008253e-05,1.88596431069719e-05,1.95919232872481e-05,2.46872918824989e-05,1.87396803654706e-05,2.0727996861189e-05,2.04663436997371e-05,1.98782290271686e-05,1.91873596150644e-05,2.72025379029845e-05,2.87709189874154e-05,3.48692821641685e-05,3.07121757264833e-05,3.64820218938989e-05,3.95579115992249e-05,4.19456364090852e-05,3.47687191685801e-05,3.31214605797092e-05,3.31214605797092e-05
"LUX","Luxembourg",8.56531049250535e-05,0.000125535638843624,0.000114435570389796,0.000103602542971509,5.57523665718102e-05,0.000194820077928031,0.00011550874808901,9.18921947666274e-05,3.54272302548546e-05,5.0207926303496e-05,5.1595371895141e-05,5.50105048906455e-05,3.12504557358128e-05,9.82298168423207e-05,0.000120534449750192,0.000155832986489872,0.00016398281460103,0.000205293947030395,0.000207965253239105,0.000230083818816183,0.000224717523051102,0.000245698557079383,0.000245698557079383
"MKD","Macedonia",5.04222358026111e-05,2.61379692707959e-05,3.30066178268743e-05,4.17483202513646e-05,3.16143991732835e-05,3.48925383535341e-05,3.23079317930608e-05,2.04985241062643e-05,2.33755684402555e-05,2.13898855981414e-05,2.57247586726413e-05,2.66583298798679e-05,5.08361825803284e-05,1.64459523125427e-05,1.88488385973951e-05,1.30388233379484e-05,1.78538426536022e-05,2.41075854035321e-05,2.02337577123135e-05,2.02337577123135e-05,2.02337577123135e-05,2.02337577123135e-05,2.02337577123135e-05
"MDG","Madagascar",1.63260459800822e-06,5.03499754867548e-07,6.27271506944523e-07,9.45384400387581e-07,6.54342303864657e-07,4.43970706559084e-07,3.41280673437463e-07,2.38590640315841e-07,1.7361974186101e-07,8.98725085444883e-07,3.81747579338599e-07,2.11861399425051e-07,4.63117263915555e-07,7.00123606822785e-07,4.86165646067229e-08,4.25498921123847e-07,1.37969418526506e-07,1.78998363641709e-07,1.74207332682785e-07,2.1195600590272e-07,1.23792568550547e-07,2.41016598371266e-07,2.41016598371266e-07
"MWI","Malawi",1.00917460819805e-07,1.97828065452207e-07,1.92643670278029e-07,1.86833052710088e-07,9.05439846379454e-08,2.63709093005978e-07,2.68889892588695e-07,2.74070692171412e-07,2.79251491754129e-07,2.84432291336846e-07,2.89613090919563e-07,2.9479389050228e-07,2.99974690084997e-07,3.05155489667714e-07,3.10336289250431e-07,3.15517088833148e-07,3.20697888415865e-07,3.25878687998582e-07,3.31059487581299e-07,3.36240287164016e-07,3.41421086746733e-07,1.65823041940793e-07,1.65823041940793e-07
"MYS","Malaysia",6.8795263685171e-06,1.05121355469956e-05,8.30036180767042e-06,8.72771448200065e-06,9.62205367640574e-06,8.88482199819819e-06,1.14351265229236e-05,1.33064388990021e-05,1.52296376200888e-05,2.07355898872131e-05,2.03434274536424e-05,2.03109246841077e-05,2.51635206319274e-05,3.01721780133421e-05,4.4701426529746e-05,4.37886790364171e-05,3.75762245588705e-05,3.81893241572912e-05,4.03612326960051e-05,4.47598001549357e-05,4.14019979393392e-05,3.55593861789419e-05,3.55593861789419e-05
"MDV","Maldives",,,,,,,,,,,,,,,,,,,,,,,
"MLI","Mali",,,,,,,,,,,,,,,,,,,,,,,
"MLT","Malta",2.91453265468882e-05,1.57934220397205e-05,5.74726156048601e-05,2.0763742353103e-05,2.83813838762778e-05,5.89612060899235e-05,6.61530476200169e-05,5.55599049420535e-05,4.93652634762675e-05,4.31706220104815e-05,3.69759805446954e-05,3.07813390789094e-05,2.45866976131234e-05,3.41981391326863e-05,1.93950208132817e-05,2.89499840775088e-05,2.16206866730087e-05,2.61887302751245e-05,3.05187960569716e-05,1.15059439706552e-05,2.02223106012093e-05,6.58825182933792e-06,6.58825182933792e-06
"MHL","Marshall Islands",,,,,,,,,,,,,,,,,,,,,,,
"MRT","Mauritania",,,,,,,,,,,,,,,,,,,,,,,
"MUS","Mauritius",2.67270817501249e-06,2.64551197711456e-06,2.61259409693072e-06,2.5852686223362e-06,2.48749782804131e-06,2.38972703374642e-06,2.29195623945153e-06,2.19418544515664e-06,2.09641465086175e-06,1.99864385656685e-06,1.90087306227196e-06,1.80310226797707e-06,1.70533147368218e-06,1.60756067938729e-06,1.33786191735114e-06,1.06816315531499e-06,7.98464393278846e-07,3.18501260468738e-06,1.58900030429356e-06,2.37918876007785e-06,7.92013337504604e-07,1.58293845614429e-06,1.58293845614429e-06
"MEX","Mexico",4.59351736246953e-06,4.03396675250586e-06,4.31735703244367e-06,4.58402474863354e-06,4.53636464052715e-06,4.23713513117566e-06,5.18109237375415e-06,5.04045743281952e-06,4.43012110143072e-06,5.28059181657994e-06,5.38386655061607e-06,5.21380326619886e-06,5.62428962047812e-06,6.0266505172375e-06,7.11656099237344e-06,8.10610794722397e-06,8.94281508079724e-06,1.07094109991957e-05,9.87465158087582e-06,1.00304616910425e-05,1.08347741504435e-05,1.02712533735285e-05,1.02712533735285e-05
"FSM","Micronesia, Federated States of",,,,,,,,,,,,,,,,,,,,,,,
"MDA","Moldova, Republic of",7.34674086330736e-05,7.87949444727391e-05,8.07288474000385e-05,7.03582962013091e-05,7.01946613121302e-05,6.59414571743206e-05,0.000120337208540252,6.59663014323244e-05,8.10988703176474e-05,8.24096927117367e-05,0.000104862417448661,8.45139014210887e-05,9.30971145485908e-05,7.64682749093305e-05,3.75812905751732e-05,3.90225277895142e-05,2.72472981635321e-05,2.61271256032065e-05,1.88278087296962e-05,1.88392915639058e-05,1.80073312347289e-05,2.56197011560397e-05,2.56197011560397e-05
"MCO","Monaco",0.000423576944381089,0.000516679045435464,0.000639979520655339,0.000126891476065095,0.000471698113207547,0.000187020759304283,0.000185414091470952,0.000245180667504367,0.000151823399022257,0.000210121870684997,5.9183854644453e-05,0.000174378051615903,0.0003132921306713,0.000195241681309793,8.21152898669732e-05,0.000161751226613468,0.000160012801024082,0.000105867718286002,0.000131679439572305,0.000157348159026539,0.000130524447228966,0.000181822904491026,0.000181822904491026
"MNG","Mongolia",5.65699711797755e-05,4.92107502178871e-05,7.96336850487756e-05,6.28292699493545e-05,5.64880825114857e-05,5.01468950736169e-05,4.38057076357481e-05,4.95159103622887e-05,6.76308860132038e-05,5.7272575808064e-05,3.95812932475105e-05,4.02656437890049e-05,3.63379864775068e-05,3.24103291660086e-05,2.84826718545105e-05,4.05507529537537e-05,4.24857976494395e-05,4.44208423451252e-05,4.6355887040811e-05,4.75393105637136e-05,3.66155538169699e-05,3.6995466073506e-05,3.6995466073506e-05
"MNE","Montenegro",4.86248093502267e-06,4.86248093502267e-06,4.86248093502267e-06,4.86248093502267e-06,4.86248093502267e-06,4.86248093502267e-06,4.86248093502267e-06,4.86248093502267e-06,4.86248093502267e-06,4.86248093502267e-06,4.86248093502267e-06,4.86248093502267e-06,4.86248093502267e-06,4.86248093502267e-06,2.0996755749352e-05,3.71310305636813e-05,3.22539547380253e-05,5.96196267811364e-05,3.70246954718797e-05,2.0906707836799e-05,3.69680419314034e-05,1.60693424264386e-05,1.60693424264386e-05
"MAR","Morocco",3.28713711483617e-06,3.27742256788753e-06,3.36007942166088e-06,3.44273627543423e-06,3.52381815950423e-06,3.60490004357423e-06,3.56519312364936e-06,3.52548620372449e-06,3.48577928379963e-06,3.44607236387476e-06,4.58699514794206e-06,5.76623813151079e-06,4.80370753990896e-06,5.60182334602605e-06,4.22008235912732e-06,4.68996276077003e-06,5.14321526367515e-06,5.90991921140438e-06,9.34226631377734e-06,1.03444009487477e-05,6.43616721415272e-06,6.71829911035546e-06,6.71829911035546e-06
"MOZ","Mozambique",1.1373414268824e-07,1.1373414268824e-07,1.1373414268824e-07,1.1373414268824e-07,1.1373414268824e-07,1.04116290286169e-07,9.44984378840984e-08,8.48805854820276e-08,7.52627330799568e-08,6.5644880677886e-08,5.60270282758152e-08,4.64091758737444e-08,8.11235174508179e-07,8.75397726014343e-08,2.97567643820712e-07,6.19286948878482e-07,3.20782645498487e-07,5.45243401717501e-07,4.91783954617874e-07,5.14471684250206e-07,8.56815706545761e-07,5.20300819896969e-07,5.20300819896969e-07
"MMR","Myanmar",,,,,,,,,,,,,,,,,,,,,,,
"NAM","Namibia",,,,,,,,,,,,,,,,,,,,,,,
"NRU","Nauru",,,,,,,,,,,,,,,,,,,,,,,
"NPL","Nepal",1.40210607549388e-07,1.49744268611176e-07,1.59277929672964e-07,1.68811590734752e-07,1.78345251796541e-07,1.87878912858329e-07,1.97412573920117e-07,2.06946234981905e-07,2.16479896043693e-07,2.26013557105481e-07,2.35547218167269e-07,2.45080879229057e-07,2.54614540290845e-07,2.64148201352634e-07,2.73681862414422e-07,2.8321552347621e-07,2.92749184537998e-07,1.44665853524015e-07,6.43194590304699e-07,3.53066938914229e-07,3.83859985744138e-07,3.79535828371966e-07,3.79535828371966e-07
"NLD","Netherlands",0.000137330951291435,0.000151186394666803,0.000153164666429649,0.000156042999109517,0.000160952810280337,0.000154783082968819,0.00013149547119626,0.000131401902875417,0.000141014324417505,0.000134321931282816,0.000135846686995262,0.00013263101702357,0.000126909936553578,0.000147212690962254,0.000155773718076067,0.000152087877061477,0.000154854642110854,0.00014174905320585,0.000137761276310916,0.000136021281460406,0.000130283945210377,0.00013446610555742,0.00013446610555742
"NZL","New Zealand",0.000349539935754342,0.000341639871382637,0.000415730039933356,0.00030956749672346,0.000370264139135877,0.000379241516966068,0.000455611390284757,0.000465746486007345,0.000458134684147795,0.000399021406727829,0.000457921091463267,0.000514505568035177,0.000447937875846394,0.000294849523451805,0.000361409380374657,0.000364309191624336,0.000342381386861314,0.000323268528390917,0.000363341662727089,0.000362773576956339,0.000257632134386492,0.000229054802693258,0.000229054802693258
"NIC","Nicaragua",6.26744438687681e-07,6.26744438687681e-07,6.26744438687681e-07,2.46425495510333e-06,1.81830671197618e-06,2.78507423018559e-06,2.56319141739562e-06,2.34130860460564e-06,2.11942579181567e-06,1.8975429790257e-06,1.67566016623573e-06,1.45377735344575e-06,1.23189454065578e-06,1.01001172786581e-06,7.88128915075833e-07,5.6624610228586e-07,3.44363289495887e-07,6.80606856297349e-07,5.04562336742549e-07,1.66278766018673e-07,1.66278766018673e-07,1.66278766018673e-07,1.66278766018673e-07
"NER","Niger",,,,,,,,,,,,,,,,,,,,,,,
"NGA","Nigeria",3.92934362353116e-07,3.92934362353116e-07,3.92934362353116e-07,3.92934362353116e-07,3.92934362353116e-07,3.92934362353116e-07,3.92934362353116e-07,3.92934362353116e-07,3.92934362353116e-07,3.92934362353116e-07,3.92934362353116e-07,3.92934362353116e-07,3.92934362353116e-07,3.92934362353116e-07,3.92934362353116e-07,3.92934362353116e-07,3.92934362353116e-07,2.51050100729669e-07,2.90986456483502e-07,2.90986456483502e-07,2.90986456483502e-07,2.90986456483502e-07,2.90986456483502e-07
"NOR","Norway",0.000258764025560747,0.000294658980730992,0.000285120371419225,0.000273724439598291,0.000299199020689108,0.000291919312700361,0.000263417277559174,0.000259576625675742,0.000236371144318932,0.000248698254103412,0.000247226488663595,0.000240093874773987,0.000260131705213231,0.00024118055153588,0.000258039076973926,0.000228460304357395,0.000226525351457515,0.000201053167902509,0.000216748368924229,0.000215291036106604,0.000222147766220399,0.000234405491698473,0.000234405491698473
"OMN","Oman",,,,,,,,,,,,,,,,,,,,,,,
"PAK","Pakistan",1.70969190472607e-07,1.27046300015121e-07,2.09161284398094e-07,3.40256252579142e-07,3.24949671204106e-07,3.32074134684288e-07,4.09600363024564e-07,3.80217246871388e-07,3.85908514049721e-07,4.84148128104268e-07,9.2911642775499e-07,5.79271035525846e-07,6.79835203456028e-07,1.0388365817356e-06,8.53611180038145e-07,6.68385778340691e-07,5.28176296521388e-07,5.39594023957963e-07,8.30982574432994e-07,7.86865778704445e-07,1.10359823557981e-06,1.05588162399314e-06,1.05588162399314e-06
"PLW","Palau",,,,,,,,,,,,,,,,,,,,,,,
"PAN","Panama",5.83999153201228e-06,1.10859035941215e-05,8.89191931618771e-06,6.69793503825392e-06,4.50395076032013e-06,2.30996648238634e-06,2.61485711158447e-06,2.91974774078261e-06,3.22463836998074e-06,3.52952899917887e-06,3.834419628377e-06,4.13931025757514e-06,4.44420088677327e-06,4.7490915159714e-06,5.05398214516953e-06,5.35887277436767e-06,5.6637634035658e-06,4.00422625019839e-06,2.34468909683097e-06,3.32992997413413e-06,3.52711558282184e-06,1.68562206518945e-05,1.68562206518945e-05
"PNG","Papua New Guinea",1.47336444391469e-07,1.47336444391469e-07,1.47336444391469e-07,1.47336444391469e-07,1.47336444391469e-07,1.47336444391469e-07,1.47336444391469e-07,1.47336444391469e-07,1.47336444391469e-07,1.47336444391469e-07,1.47336444391469e-07,1.47336444391469e-07,1.47336444391469e-07,1.47336444391469e-07,1.44326297509568e-07,1.41316150627667e-07,1.38306003745766e-07,1.35295856863864e-07,1.32285709981963e-07,1.29275563100062e-07,1.26265416218161e-07,1.26265416218161e-07,1.26265416218161e-07
"PRY","Paraguay",2.07441492070078e-06,2.07441492070078e-06,2.07441492070078e-06,2.07441492070078e-06,2.07441492070078e-06,2.07441492070078e-06,2.21949963600206e-06,1.99687362204374e-06,2.13981936358206e-06,3.15582407332733e-06,4.14114827830035e-06,3.56973112785145e-06,6.2016449779498e-06,2.14978476520299e-06,2.44784578963181e-06,2.8986081366829e-06,2.8986081366829e-06,2.8986081366829e-06,2.8986081366829e-06,2.8986081366829e-06,2.8986081366829e-06,2.8986081366829e-06,2.8986081366829e-06
"PER","Peru",2.12756607995213e-06,2.12756607995213e-06,1.93334736621297e-06,1.90559310187312e-06,1.87783883753326e-06,1.54351482791025e-06,1.37083516952262e-06,1.09016544087587e-06,1.18792453917252e-06,1.39330948916361e-06,9.77892034200144e-07,1.39535163290488e-06,9.89653735709577e-07,1.08232740892913e-06,1.27579577157835e-06,1.32772077392095e-06,1.31048435535376e-06,1.79051231398318e-06,2.38829674397289e-06,2.67972270616866e-06,2.13534444109766e-06,2.26601513276378e-06,2.26601513276378e-06
"PHL","Philippines",2.41996519975488e-06,2.28143991106471e-06,1.71081097312516e-06,2.18224577054328e-06,1.88640162758732e-06,1.97457240538397e-06,1.69458942075356e-06,1.83154550726804e-06,1.69814141673698e-06,1.86588110395399e-06,2.43409860582134e-06,2.53959088375246e-06,2.51978055735082e-06,2.38011640179644e-06,1.86508740607428e-06,1.81378558988746e-06,1.95218326508739e-06,1.67240235291732e-06,2.23393272320704e-06,3.33658837175576e-06,3.68672260476803e-06,3.1649177060421e-06,3.1649177060421e-06
"POL","Poland",6.72366921744626e-05,6.24217301149507e-05,6.20704037241207e-05,6.22551290712805e-05,5.91046037933878e-05,6.28354978428527e-05,5.75715233362327e-05,6.05016473293323e-05,5.93646257502702e-05,6.23588642902972e-05,5.31370720294235e-05,5.65529194402483e-05,6.27482912108322e-05,6.52577172299704e-05,7.59863222523048e-05,8.4194657206303e-05,0.000101909308596966,0.000115860047787935,0.000111382181101275,0.000103678508755257,0.000123096648348889,0.000112219916693896,0.000112219916693896
"PRT","Portugal",8.07885279492401e-06,8.54535671647649e-06,7.02346043521516e-06,9.4486366207896e-06,7.92732075740558e-06,7.87179814610407e-06,1.03254724000123e-05,1.24764495019065e-05,1.19516339365594e-05,1.17323188470355e-05,1.50428483157246e-05,1.74866911074854e-05,2.37124967893279e-05,3.60857750348379e-05,5.40297742851771e-05,4.71952407524756e-05,5.40844664865745e-05,5.90593640761575e-05,6.18706845317073e-05,6.94159884827146e-05,8.93022989983854e-05,7.01179958029925e-05,7.01179958029925e-05
"QAT","Qatar",1.42209210606153e-06,1.42209210606153e-06,1.42209210606153e-06,1.42209210606153e-06,1.42209210606153e-06,1.42209210606153e-06,1.42209210606153e-06,1.42209210606153e-06,1.42209210606153e-06,1.42209210606153e-06,1.42209210606153e-06,1.42209210606153e-06,1.42209210606153e-06,1.42209210606153e-06,1.42209210606153e-06,1.42209210606153e-06,1.42209210606153e-06,1.42209210606153e-06,3.99915928784749e-06,2.10577829776463e-06,4.16596703342137e-06,6.22615576907811e-06,6.22615576907811e-06
"ROU","Romania",7.9835057509014e-05,8.09496297891808e-05,7.57294345148337e-05,5.77144953220602e-05,4.72142271017673e-05,4.4691052713119e-05,5.09669948043486e-05,6.80150144755094e-05,4.08355746548003e-05,4.36794241662731e-05,4.29649875220952e-05,3.84075312733559e-05,3.96016239443198e-05,4.84470764380443e-05,5.17491431318945e-05,6.82574606219401e-05,7.06786460353846e-05,5.09521495998985e-05,4.9690515161537e-05,4.7817620381236e-05,4.92039532121375e-05,5.1009190181142e-05,5.1009190181142e-05
"RUS","Russian Federation",0.000118287542532395,0.000121584738751626,0.000102126009176319,0.000111423599206808,0.000135177000900836,0.000159464863830329,0.000169733284321652,0.000163186602710255,0.000172618740922678,0.000159543763558877,0.000164745285178276,0.000194925494616102,0.000192605182246728,0.000194140001197963,0.000179276105246153,0.000201064828748482,0.000185330436018338,0.000200423631913358,0.000200443308266875,0.000167376275230677,0.00020312030372346,0.000185634995278865,0.000185634995278865
"RWA","Rwanda",3.70753035563651e-06,3.70753035563651e-06,3.70753035563651e-06,3.70753035563651e-06,3.70753035563651e-06,3.70753035563651e-06,3.70753035563651e-06,3.70753035563651e-06,3.70753035563651e-06,3.70753035563651e-06,3.70753035563651e-06,3.70753035563651e-06,3.70753035563651e-06,3.70753035563651e-06,3.70753035563651e-06,3.70753035563651e-06,3.70753035563651e-06,3.70753035563651e-06,2.07411963647478e-06,4.40708917313047e-07,4.29939138675407e-07,1.67820319482899e-07,1.67820319482899e-07
"KNA","Saint Kitts and Nevis",,,,,,,,,,,,,,,,,,,,,,,
"LCA","Saint Lucia",,,,,,,,,,,,,,,,,,,,,,,
"VCT","Saint Vincent and the Grenadines",,,,,,,,,,,,,,,,,,,,,,,
"WSM","Samoa",5.20047844401685e-06,5.20047844401685e-06,5.20047844401685e-06,5.20047844401685e-06,5.20047844401685e-06,5.20047844401685e-06,5.20047844401685e-06,5.20047844401685e-06,5.20047844401685e-06,5.20047844401685e-06,5.20047844401685e-06,5.20047844401685e-06,5.20047844401685e-06,5.20047844401685e-06,5.20047844401685e-06,5.20047844401685e-06,5.20047844401685e-06,5.20047844401685e-06,5.20047844401685e-06,5.20047844401685e-06,5.16105058345677e-06,5.16105058345677e-06,5.16105058345677e-06
"SMR","San Marino",0.000340525647772653,0.000340525647772653,0.000340525647772653,0.000340525647772653,0.000340525647772653,0.000340525647772653,0.000340525647772653,0.000340525647772653,0.000340525647772653,0.000340525647772653,0.000340525647772653,0.000340525647772653,0.000340525647772653,0.000340525647772653,0.000340525647772653,0.000340525647772653,0.000340525647772653,0.000340525647772653,0.000340525647772653,0.000122485225219708,0.000212378640776699,0.000120471041773334,0.000120471041773334
"STP","Sao Tome and Principe",,,,,,,,,,,,,,,,,,,,,,,
"SAU","Saudi Arabia",1.49446187123386e-06,1.41127929959567e-06,2.92224131192024e-06,2.26330165012797e-06,3.54777567769168e-06,3.6601260855645e-06,2.15926027873609e-06,2.78458606534702e-06,2.48266292198343e-06,3.48703704740089e-06,4.97790188045054e-06,4.8416690803811e-06,5.06879121882609e-06,6.87956365364023e-06,8.69033608845436e-06,1.05011085232685e-05,1.22883969910072e-05,1.43427056258338e-05,1.63970142606603e-05,2.11848422323859e-05,2.26573101799073e-05,3.31518892223735e-05,3.31518892223735e-05
"SEN","Senegal",,,,,,,,,,,,,,,,,,,,,,,
"SRB","Serbia",6.33780047773348e-05,6.33780047773348e-05,6.33780047773348e-05,6.33780047773348e-05,6.33780047773348e-05,6.33780047773348e-05,6.33780047773348e-05,6.33780047773348e-05,6.33780047773348e-05,6.33780047773348e-05,4.99948325233588e-05,5.8287253346761e-05,5.35115860712186e-05,5.25154206226696e-05,4.35744310702358e-05,3.97726867519649e-05,2.48821587871551e-05,2.66700856234765e-05,2.80564344710566e-05,2.83287072460906e-05,2.50867359802846e-05,2.72019326973181e-05,2.72019326973181e-05
"SYC","Seychelles",,,,,,,,,,,,,,,,,,,,,,,
"SLE","Sierra Leone",,,,,,,,,,,,,,,,,,,,,,,
"SGP","Singapore",4.11405172810034e-05,6.10237164315074e-05,7.5868576658084e-05,7.91910191782315e-05,9.44749102172595e-05,0.000128106870922645,0.000126630855589592,0.000149427076473617,0.000152132799783028,0.000153840098457663,0.000133387657351723,0.000142228604080779,0.000151680284112863,0.000163863424278567,0.000150373738890639,0.00017629451387231,0.000203715964386745,0.000203484766031108,0.000211699519295772,0.000238220429403751,0.000265401891453698,0.000285521526200836,0.000285521526200836
"SVK","Slovakia",5.01678571741621e-05,3.62901357269687e-05,4.16102343343505e-05,3.95138424596087e-05,3.94735379038625e-05,4.37951869831797e-05,4.57345385189855e-05,4.81689118215065e-05,3.90815900772959e-05,4.00202521089742e-05,2.88489796860375e-05,3.59199814481671e-05,4.44682435341499e-05,3.10453181708247e-05,3.2674848498238e-05,4.34022303552973e-05,4.14938989149345e-05,3.10675072893064e-05,3.39897731422788e-05,3.89395954600492e-05,4.20369405145948e-05,4.05097004160346e-05,4.05097004160346e-05
"SVN","Slovenia",0.000157799094615131,0.000144823466228978,0.0001339405304045,0.000145334974407419,0.000131615772713176,0.000154354739369257,0.000151099866469885,0.000150411375110928,0.000155331399540921,0.000171255856249236,0.000171959245658779,0.000143008907411947,0.000164013870321021,0.00014891288645615,0.00018287280926464,0.000215758892854231,0.000228950777044323,0.000228950777044323,0.000228950777044323,0.000228950777044323,0.000228950777044323,0.000228950777044323,0.000228950777044323
"SLB","Solomon Islands",,,,,,,,,,,,,,,,,,,,,,,
"SOM","Somalia",,,,,,,,,,,,,,,,,,,,,,,
"ZAF","South Africa",2.09797694910196e-05,1.76462964223474e-05,8.13156664091442e-06,4.50733559853991e-06,3.06266648394236e-06,1.95721185003209e-05,2.08256952688548e-05,2.0903253173504e-05,1.93499398210575e-05,1.98145412824879e-05,2.05446120618052e-05,1.75429420226834e-05,1.834138513459e-05,1.70593866408618e-05,1.61268747933376e-05,1.59155832810229e-05,1.25517770369678e-05,1.14720849172782e-05,1.18659270759551e-05,1.4704919479473e-05,1.60785007024171e-05,1.25679560003001e-05,1.25679560003001e-05
"ESP","Spain",5.15304960093445e-05,5.70069801211596e-05,5.58448779574725e-05,5.6459519730116e-05,6.0390906699268e-05,6.68016437838581e-05,6.18843207750267e-05,6.66882959120195e-05,6.66782893427685e-05,6.68889386174585e-05,6.96398690999539e-05,7.00717987047821e-05,7.22359261166437e-05,7.9035374989125e-05,7.75619392262088e-05,7.65615622698094e-05,7.33804470033041e-05,6.98265272601929e-05,6.49077022555427e-05,6.35314966699642e-05,6.02650473576909e-05,5.9052498467109e-05,5.9052498467109e-05
"LKA","Sri Lanka",4.16504061106407e-06,2.72151499119318e-06,4.38394598978541e-06,2.90780622659317e-06,6.3741680572441e-06,3.78022757821903e-06,6.34482405644271e-06,6.45354236514458e-06,4.94397513399083e-06,6.19433550730421e-06,7.63141475468997e-06,7.77828294251529e-06,7.62210934657878e-06,1.00772933412855e-05,1.00622233947092e-05,1.11395221184618e-05,9.54958590485058e-06,1.27417591899769e-05,1.59339324751032e-05,1.31658596840841e-05,1.0397786893065e-05,1.32056784417299e-05,1.32056784417299e-05
"SDN","Sudan",7.51680701672888e-08,7.51680701672888e-08,7.51680701672888e-08,7.51680701672888e-08,7.51680701672888e-08,2.20179163454956e-07,3.57845704447002e-08,6.97360646857789e-08,2.03832430174483e-07,1.3251026349964e-07,1.94099918885644e-07,9.49154910433946e-08,9.29295309790814e-08,1.03169437959605e-05,9.86608894178143e-06,7.32857183612976e-06,7.08043838662231e-06,7.19015947268979e-06,7.29988055875728e-06,7.10421166448169e-06,6.90854277020611e-06,7.1755535560578e-06,7.1755535560578e-06
"SUR","Suriname",,,,,,,,,,,,,,,,,,,,,,,
"SWZ","Swaziland",,,,,,,,,,,,,,,,,,,,,,,
"SWE","Sweden",0.000446474140129438,0.000464992753080591,0.000466874412591727,0.000448764169909436,0.000467606561122906,0.000476098749463065,0.000441323926816218,0.00037624826917953,0.000337678351379497,0.000307776778664576,0.000279304489736612,0.00026936827852636,0.000276232464649459,0.000276475093325258,0.00023509130221331,0.000234161921049045,0.00021208115427179,0.000240351939108601,0.000242907076897693,0.000204618140677034,0.000207976458452774,0.000204775027121102,0.000204775027121102
"CHE","Switzerland",0.000410471307700513,0.000354079908369097,0.000339685700445174,0.000284810086524601,0.000268197426340543,0.000289939798865574,0.000257128290557458,0.000250797796438671,0.000249488997208203,0.000235735913527412,0.000220918998832208,0.000232498041805286,0.000224072809360522,0.000208429359249707,0.000217463423465724,0.000207286755667063,0.000201835145299819,0.000185072617868436,0.000188519566353077,0.000180737994753469,0.000178330038795537,0.000174601813518098,0.000174601813518098
"SYR","Syrian Arab Republic",8.99237195907955e-06,7.18386617514564e-06,7.64291459649101e-06,3.46104814638439e-06,5.43203672905975e-06,1.50510199107322e-05,1.12722096077516e-05,1.07093317078558e-05,1.2230648673411e-05,1.1512560652943e-05,5.73939506010814e-06,6.55565164049631e-06,7.00151946901281e-06,7.44738729752931e-06,7.89325512604581e-06,8.33912295456231e-06,8.7849907830788e-06,9.2308586115953e-06,9.6767264401118e-06,1.01225942686283e-05,1.05684620971448e-05,1.05684620971448e-05,1.05684620971448e-05
"TJK","Tajikistan",6.07142212828672e-06,5.12860840339582e-06,3.87578480429477e-06,6.14445344339323e-06,6.21434316191667e-06,7.23914349671544e-06,1.31181223699548e-05,6.04867977482781e-06,4.56143546549525e-06,4.76698315958921e-06,4.37689373602312e-06,3.71399018678085e-06,2.96666058985143e-06,2.21933099292202e-06,1.4720013959926e-06,9.16034929720492e-07,5.117740660795e-07,3.75231611712329e-07,2.44564283660819e-07,2.44564283660819e-07,2.44564283660819e-07,2.44564283660819e-07,2.44564283660819e-07
"TZA","Tanzania, United Republic of",1.85597772470383e-08,1.85597772470383e-08,1.85597772470383e-08,1.85597772470383e-08,1.85597772470383e-08,1.85597772470383e-08,1.85597772470383e-08,1.85597772470383e-08,1.85597772470383e-08,1.85597772470383e-08,1.85597772470383e-08,1.85597772470383e-08,1.85597772470383e-08,1.85597772470383e-08,1.85597772470383e-08,1.85597772470383e-08,1.85597772470383e-08,1.85597772470383e-08,1.85597772470383e-08,1.85597772470383e-08,1.85597772470383e-08,1.85597772470383e-08,1.85597772470383e-08
"THA","Thailand",2.43731109788426e-06,3.37481350414833e-06,4.04183091259974e-06,7.7763170170996e-06,1.18446423962026e-05,8.91069940079597e-06,8.40371549979713e-06,9.59840222655463e-06,1.24235240698498e-05,1.2599567544074e-05,1.36185494731639e-05,1.57996689483212e-05,1.42758700859566e-05,1.3554582590987e-05,1.53255291153879e-05,1.80631086330232e-05,1.37272059153448e-05,1.50344955445494e-05,2.3069112021891e-05,1.47039968503629e-05,1.49874158141269e-05,1.59445827873379e-05,1.59445827873379e-05
"TLS","Timor-Leste",,,,,,,,,,,,,,,,,,,,,,,
"TGO","Togo",,,,,,,,,,,,,,,,,,,,,,,
"TON","Tonga",,,,,,,,,,,,,,,,,,,,,,,
"TTO","Trinidad and Tobago",1.91234907382544e-05,7.15214357689826e-06,1.34848073814249e-05,1.11008748751885e-05,8.71694236895215e-06,6.33300986271578e-06,3.9490773564794e-06,1.56514485024303e-06,1.9448810800592e-06,2.32461730987536e-06,7.71049259252977e-07,1.14931486227699e-06,1.52758046530101e-06,7.60241209330897e-07,9.428735667417e-07,1.1255059241525e-06,1.30813828156331e-06,1.49077063897411e-06,2.22195256642004e-06,2.95313449386597e-06,2.2057331415816e-06,2.19786338374255e-06,2.19786338374255e-06
"TUN","Tunisia",3.40136987428647e-06,4.86169188822387e-06,4.36906819071132e-06,4.00025475306585e-06,6.97644730564399e-06,4.84576197390361e-06,2.24817823475293e-06,4.56189302746077e-06,3.52124082892826e-06,4.59191776554087e-06,5.54319225711068e-06,7.5518804378443e-06,7.38001145261251e-06,7.30254120747135e-06,9.97924886478916e-06,1.06203696245775e-05,1.27306063383366e-05,1.37783204190667e-05,1.01683608184732e-05,1.27423880383794e-05,1.59664194266618e-05,2.06081635688358e-05,2.06081635688358e-05
"TUR","Turkey",2.90665958627189e-06,3.1805755084781e-06,3.36245812849324e-06,3.37520599762692e-06,4.43107800132566e-06,4.38013077172955e-06,5.24991839258902e-06,6.35524395279349e-06,7.39947126011316e-06,1.01779112314519e-05,1.36664720470723e-05,1.55896875671006e-05,2.60067631090358e-05,3.15303661417985e-05,3.58148190226732e-05,4.39670355629994e-05,5.29223381375056e-05,5.94610152650534e-05,5.79516368520317e-05,6.18714935051549e-05,6.83774031999807e-05,7.83525332254357e-05,7.83525332254357e-05
"TKM","Turkmenistan",1.5394146119369e-05,1.5394146119369e-05,1.19399859567396e-05,9.28972780417797e-06,9.85192555885048e-06,9.85192555885048e-06,9.85192555885048e-06,9.85192555885048e-06,9.85192555885048e-06,9.85192555885048e-06,9.85192555885048e-06,9.85192555885048e-06,9.85192555885048e-06,9.85192555885048e-06,9.85192555885048e-06,9.85192555885048e-06,9.85192555885048e-06,9.85192555885048e-06,9.85192555885048e-06,9.85192555885048e-06,9.85192555885048e-06,9.85192555885048e-06,9.85192555885048e-06
"TUV","Tuvalu",,,,,,,,,,,,,,,,,,,,,,,
"UGA","Uganda",1.87794696827997e-07,1.87794696827997e-07,1.87794696827997e-07,1.87794696827997e-07,1.87794696827997e-07,1.87794696827997e-07,1.87794696827997e-07,1.87794696827997e-07,1.87794696827997e-07,4.35280405460796e-07,1.05101117785421e-07,3.72242083781406e-07,1.96139407653105e-07,2.07830366659379e-07,2.19521325665652e-07,2.31212284671926e-07,2.429032436782e-07,2.54594202684473e-07,2.66285161690747e-07,1.28755349334121e-07,2.24188046940991e-07,3.85654008337117e-07,3.85654008337117e-07
"UKR","Ukraine",9.32592816329164e-05,7.12142613256676e-05,9.26590163023933e-05,0.000106074634463798,0.000108730335280387,0.000114283743515719,0.000148057267022657,3.32140449146829e-05,3.41957565889576e-05,8.6193089379494e-05,7.51085603166533e-05,7.42502043804201e-05,7.39636223684055e-05,6.1070253490192e-05,5.2851804322383e-05,5.57218442273608e-05,5.79572529706101e-05,5.46352205258229e-05,6.27835813020998e-05,5.42720197123397e-05,5.02945152469119e-05,4.96171006348345e-05,4.96171006348345e-05
"ARE","United Arab Emirates",2.99799076964765e-06,2.99799076964765e-06,2.99799076964765e-06,2.99799076964765e-06,2.99799076964765e-06,2.99799076964765e-06,2.99799076964765e-06,2.99799076964765e-06,2.99799076964765e-06,2.99799076964765e-06,2.99799076964765e-06,2.99799076964765e-06,2.99799076964765e-06,2.99799076964765e-06,2.99799076964765e-06,2.99799076964765e-06,2.99799076964765e-06,2.24707663755991e-06,1.9986091900714e-06,3.19704830861262e-06,1.63857386396035e-06,1.63857386396035e-06,1.63857386396035e-06
"GBR","United Kingdom",0.000321101542028538,0.000312617388396675,0.000307594940572513,0.000333919553359601,0.000363532779961905,0.000374410914093428,0.00036236668629747,0.000347378029407511,0.000342444756808814,0.000319697779077299,0.000295242449298115,0.000287344515292664,0.000283338260565301,0.000267332200829372,0.000256678828067256,0.000246788228058133,0.000242542877511753,0.000241286147788943,0.000233469736087819,0.000235184287535233,0.000228270535853529,0.000211538691678317,0.000211538691678317
"USA","United States",0.000465536018747324,0.00039678686236516,0.000437230659766667,0.000488421411326281,0.00053487313646789,0.000584043067309912,0.000622920486198225,0.000640573233791798,0.000651278295102671,0.000647310691762142,0.000703402112447836,0.000743294005663491,0.000801201848917333,0.000761567232149552,0.000733157997853184,0.000782240367096204,0.000794976888393395,0.000856011972129135,0.000910182144734649,0.000894776664016456,0.000898128409539852,0.000913177428237364,0.000913177428237364
"URY","Uruguay",1.08533727941295e-05,7.69696139358104e-06,9.782911088624e-06,8.2013572942568e-06,8.15878075180445e-06,1.32480440316809e-05,1.56292125611981e-05,9.01503798486255e-06,1.35312422853126e-05,1.11308457998806e-05,7.21671680280201e-06,9.30639442360846e-06,1.04798545755494e-05,9.84832387496329e-06,8.92125652924462e-06,6.81599625416554e-06,5.90733052459458e-06,6.47672779225719e-06,8.64843880080895e-06,1.08201498093607e-05,7.57674661494274e-06,7.57674661494274e-06,7.57674661494274e-06
"UZB","Uzbekistan",4.56001755540926e-05,3.93541442411195e-05,3.44361347023281e-05,2.99779634942414e-05,3.15486608272166e-05,3.06283062343816e-05,3.21657396818276e-05,2.82923489970065e-05,3.64132018390427e-05,1.05550690429104e-05,1.00890434516758e-05,1.21940860570253e-05,1.20589548905761e-05,9.59608538318414e-06,8.57120220114235e-06,1.2954093493544e-05,9.61164849996932e-06,8.6315471292549e-06,9.88651994497937e-06,1.12167034596215e-05,9.20160133423219e-06,1.10839333205643e-05,1.10839333205643e-05
"VUT","Vanuatu",,,,,,,,,,,,,,,,,,,,,,,
"VEN","Venezuela, Bolivarian Republic o",8.03528390291576e-06,8.03528390291576e-06,8.69746654482713e-06,6.56057856891217e-06,4.42369059299721e-06,2.28680261708225e-06,2.18073308939082e-06,2.0746635616994e-06,1.96859403400797e-06,1.86252450631654e-06,1.75645497862511e-06,1.65038545093369e-06,1.54431592324226e-06,1.43824639555083e-06,1.3321768678594e-06,1.22610734016798e-06,1.12003781247655e-06,1.12003781247655e-06,1.12003781247655e-06,1.12003781247655e-06,1.12003781247655e-06,1.12003781247655e-06,1.12003781247655e-06
"VNM","Viet Nam",3.05855224599664e-07,4.8446618746152e-07,3.87329996829704e-07,3.18662547286176e-07,4.40853939623214e-07,4.23488347755478e-07,6.40868275946886e-07,8.41910078732502e-07,9.42624820022105e-07,1.23312418669175e-06,2.13500735622715e-06,2.30331843434938e-06,2.54978513694151e-06,2.35272948508981e-06,2.94636899249495e-06,3.45870138738685e-06,3.35432979797408e-06,4.22323997883471e-06,4.84165043447802e-06,5.26230965796446e-06,6.21983812668222e-06,5.92159770796947e-06,5.92159770796947e-06
"YEM","Yemen",4.14294093172374e-07,4.14294093172374e-07,4.14294093172374e-07,4.14294093172374e-07,5.17893270022991e-07,3.91614416445568e-07,3.262618789911e-07,4.75707746091942e-07,8.22111257755207e-07,4.99573663835283e-07,9.71679100839254e-07,6.61609012324547e-07,5.05709808540565e-07,6.19544628497021e-07,7.33379448453478e-07,8.47214268409934e-07,2.88633537089368e-07,1.4452045283557e-06,1.68124251798206e-06,1.10491650888903e-06,1.85761686258394e-07,5.80041924705265e-07,5.80041924705265e-07
"ZMB","Zambia",4.37776763838151e-07,6.38684888204597e-07,5.88554888110941e-07,5.38424888017284e-07,4.88294887923628e-07,5.21306105747409e-07,5.54317323571189e-07,2.69774250209682e-07,2.626513922625e-07,8.52388041814066e-08,4.1486353147105e-07,3.23011866002404e-07,1.49300949381163e-06,1.98738514920332e-06,6.68825884334589e-07,3.6100997015675e-07,2.10308539452059e-07,4.76192517015549e-07,8.57904034854661e-07,8.96230926445432e-07,8.96230926445432e-07,8.96230926445432e-07,8.96230926445432e-07
"ZWE","Zimbabwe",4.85850874169394e-06,2.43092230407678e-06,2.33300188542167e-06,2.23508146676656e-06,2.13716104811146e-06,2.03924062945635e-06,1.94132021080124e-06,1.84339979214613e-06,1.74547937349103e-06,1.64755895483592e-06,1.54963853618081e-06,1.4517181175257e-06,1.3537976988706e-06,1.25587728021549e-06,1.15795686156038e-06,1.06003644290527e-06,9.62116024250165e-07,8.64195605595057e-07,7.66275186939949e-07,6.68354768284842e-07,5.70434349629734e-07,4.95344934064017e-07,4.95344934064017e-07
